,year,club,played,home_w,home_d,home_l,home_f,home_a,away_w,away_d,away_l,away_f,away_a,pts,n_teams,pos,goals,goals_permatch
0,1951,Hibernian,30.0,13,1,1.0,44.0,9.0,9.0,3.0,3.0,34.0,17.0,48.0,16,1,78.0,2.6
1,1951,Rangers,30.0,10,3,2.0,36.0,13.0,7.0,1.0,7.0,28.0,24.0,38.0,16,2,64.0,2.1333333333333333
2,1951,Dundee,30.0,11,3,1.0,32.0,12.0,4.0,5.0,6.0,15.0,18.0,38.0,16,3,47.0,1.5666666666666667
3,1951,Hearts,30.0,10,3,2.0,46.0,17.0,6.0,2.0,7.0,26.0,28.0,37.0,16,4,72.0,2.4
4,1951,Aberdeen,30.0,9,2,4.0,35.0,21.0,6.0,3.0,6.0,26.0,29.0,35.0,16,5,61.0,2.033333333333333
5,1951,Partick Thistle,30.0,9,4,2.0,30.0,15.0,4.0,3.0,8.0,27.0,33.0,33.0,16,6,57.0,1.9
6,1951,Celtic,30.0,6,3,6.0,29.0,25.0,6.0,2.0,7.0,19.0,21.0,29.0,16,7,48.0,1.6
7,1951,Raith Rovers,30.0,8,2,5.0,30.0,16.0,5.0,0.0,10.0,22.0,36.0,28.0,16,8,52.0,1.7333333333333334
8,1951,Motherwell,30.0,7,3,5.0,35.0,27.0,4.0,3.0,8.0,23.0,38.0,28.0,16,9,58.0,1.9333333333333333
9,1951,East Fife,30.0,7,4,4.0,28.0,24.0,3.0,4.0,8.0,20.0,42.0,28.0,16,10,48.0,1.6
10,1951,St. Mirren,30.0,7,3,5.0,22.0,20.0,2.0,4.0,9.0,13.0,31.0,25.0,16,11,35.0,1.1666666666666667
11,1951,Morton,30.0,6,0,9.0,30.0,29.0,4.0,4.0,7.0,17.0,30.0,24.0,16,12,47.0,1.5666666666666667
12,1951,Third Lanark,30.0,7,1,7.0,22.0,21.0,4.0,1.0,10.0,18.0,30.0,24.0,16,13,40.0,1.3333333333333333
13,1951,Airdrieonians,30.0,7,2,6.0,39.0,31.0,3.0,2.0,10.0,13.0,36.0,24.0,16,14,52.0,1.7333333333333334
14,1951,Clyde,30.0,6,4,5.0,19.0,23.0,2.0,3.0,10.0,18.0,34.0,23.0,16,15,37.0,1.2333333333333334
15,1951,Falkirk,30.0,6,3,6.0,24.0,27.0,1.0,1.0,13.0,11.0,54.0,18.0,16,16,35.0,1.1666666666666667
0,1952,Hibernian,30.0,12,2,1.0,58.0,15.0,8.0,3.0,4.0,34.0,21.0,45.0,16,1,92.0,3.066666666666667
1,1952,Rangers,30.0,10,4,1.0,32.0,13.0,6.0,5.0,4.0,29.0,18.0,41.0,16,2,61.0,2.033333333333333
2,1952,East Fife,30.0,11,2,2.0,44.0,19.0,6.0,1.0,8.0,27.0,30.0,37.0,16,3,71.0,2.3666666666666667
3,1952,Hearts,30.0,9,5,1.0,44.0,25.0,5.0,2.0,8.0,25.0,28.0,35.0,16,4,69.0,2.3
4,1952,Raith Rovers,30.0,9,2,4.0,23.0,14.0,5.0,3.0,7.0,20.0,28.0,33.0,16,5,43.0,1.4333333333333333
5,1952,Partick Thistle,30.0,7,3,5.0,28.0,24.0,5.0,4.0,6.0,20.0,27.0,31.0,16,6,48.0,1.6
6,1952,Motherwell,30.0,8,4,3.0,33.0,24.0,4.0,3.0,8.0,18.0,33.0,31.0,16,7,51.0,1.7
7,1952,Dundee,30.0,7,3,5.0,31.0,22.0,4.0,3.0,8.0,22.0,30.0,28.0,16,8,53.0,1.7666666666666666
8,1952,Celtic,30.0,7,5,3.0,30.0,22.0,3.0,3.0,9.0,22.0,33.0,28.0,16,9,52.0,1.7333333333333334
9,1952,Queen Of The South,30.0,10,3,2.0,38.0,18.0,0.0,5.0,10.0,12.0,42.0,28.0,16,10,50.0,1.6666666666666667
10,1952,Aberdeen,30.0,7,4,4.0,37.0,24.0,3.0,3.0,9.0,28.0,34.0,27.0,16,11,65.0,2.1666666666666665
11,1952,Third Lanark,30.0,7,3,5.0,28.0,23.0,2.0,5.0,8.0,23.0,39.0,26.0,16,12,51.0,1.7
12,1952,Airdrieonians,30.0,7,3,5.0,31.0,26.0,4.0,1.0,10.0,23.0,43.0,26.0,16,13,54.0,1.8
13,1952,St. Mirren,30.0,9,2,4.0,28.0,19.0,1.0,3.0,11.0,15.0,39.0,25.0,16,14,43.0,1.4333333333333333
14,1952,Morton,30.0,7,1,7.0,30.0,23.0,2.0,5.0,8.0,19.0,33.0,24.0,16,15,49.0,1.6333333333333333
15,1952,Stirling Albion,30.0,4,4,7.0,22.0,40.0,1.0,1.0,13.0,14.0,59.0,15.0,16,16,36.0,1.2
0,1953,Rangers,30.0,12,1,2.0,49.0,14.0,6.0,6.0,3.0,31.0,25.0,43.0,16,1,80.0,2.6666666666666665
1,1953,Hibernian,30.0,10,3,2.0,45.0,18.0,9.0,2.0,4.0,48.0,33.0,43.0,16,2,93.0,3.1
2,1953,East Fife,30.0,11,2,2.0,49.0,21.0,5.0,5.0,5.0,23.0,27.0,39.0,16,3,72.0,2.4
3,1953,Hearts,30.0,8,3,4.0,36.0,18.0,4.0,3.0,8.0,23.0,32.0,30.0,16,4,59.0,1.9666666666666666
4,1953,Clyde,30.0,8,2,5.0,43.0,30.0,5.0,2.0,8.0,35.0,48.0,30.0,16,5,78.0,2.6
5,1953,St. Mirren,30.0,6,6,3.0,29.0,21.0,5.0,2.0,8.0,23.0,37.0,30.0,16,6,52.0,1.7333333333333334
6,1953,Dundee,30.0,8,5,2.0,30.0,11.0,1.0,6.0,8.0,14.0,26.0,29.0,16,7,44.0,1.4666666666666666
7,1953,Celtic,30.0,7,3,5.0,33.0,26.0,4.0,4.0,7.0,18.0,28.0,29.0,16,8,51.0,1.7
8,1953,Partick Thistle,30.0,6,4,5.0,32.0,33.0,4.0,5.0,6.0,23.0,30.0,29.0,16,9,55.0,1.8333333333333333
9,1953,Queen Of The South,30.0,8,3,4.0,31.0,24.0,2.0,5.0,8.0,12.0,37.0,28.0,16,10,43.0,1.4333333333333333
10,1953,Aberdeen,30.0,8,4,3.0,45.0,26.0,3.0,1.0,11.0,19.0,42.0,27.0,16,11,64.0,2.1333333333333333
11,1953,Raith Rovers,30.0,5,7,3.0,25.0,20.0,4.0,1.0,10.0,22.0,33.0,26.0,16,12,47.0,1.5666666666666667
12,1953,Falkirk,30.0,7,1,7.0,29.0,28.0,4.0,3.0,8.0,24.0,35.0,26.0,16,13,53.0,1.7666666666666666
13,1953,Airdrieonians,30.0,6,4,5.0,33.0,33.0,4.0,2.0,9.0,20.0,42.0,26.0,16,14,53.0,1.7666666666666666
14,1953,Motherwell,30.0,7,2,6.0,34.0,39.0,3.0,3.0,9.0,23.0,41.0,25.0,16,15,57.0,1.9
15,1953,Third Lanark,30.0,6,2,7.0,24.0,24.0,2.0,2.0,11.0,28.0,51.0,20.0,16,16,52.0,1.7333333333333334
0,1954,Celtic,30.0,14,1,0.0,40.0,7.0,6.0,2.0,7.0,32.0,22.0,43.0,16,1,72.0,2.4
1,1954,Hearts,30.0,9,3,3.0,42.0,24.0,7.0,3.0,5.0,28.0,21.0,38.0,16,2,70.0,2.3333333333333335
2,1954,Partick Thistle,30.0,9,0,6.0,42.0,22.0,8.0,1.0,6.0,34.0,32.0,35.0,16,3,76.0,2.533333333333333
3,1954,Rangers,30.0,9,4,2.0,35.0,11.0,4.0,4.0,7.0,21.0,24.0,34.0,16,4,56.0,1.8666666666666667
4,1954,Hibernian,30.0,9,1,5.0,38.0,18.0,6.0,3.0,6.0,34.0,33.0,34.0,16,5,72.0,2.4
5,1954,East Fife,30.0,11,3,1.0,37.0,13.0,2.0,5.0,8.0,18.0,32.0,34.0,16,6,55.0,1.8333333333333333
6,1954,Dundee,30.0,11,3,1.0,31.0,12.0,3.0,3.0,9.0,15.0,35.0,34.0,16,7,46.0,1.5333333333333334
7,1954,Clyde,30.0,8,1,6.0,36.0,36.0,7.0,3.0,5.0,28.0,31.0,34.0,16,8,64.0,2.1333333333333333
8,1954,Aberdeen,30.0,10,2,3.0,36.0,14.0,5.0,1.0,9.0,30.0,37.0,33.0,16,9,66.0,2.2
9,1954,Queen Of The South,30.0,10,2,3.0,50.0,28.0,4.0,2.0,9.0,22.0,30.0,32.0,16,10,72.0,2.4
10,1954,St. Mirren,30.0,7,3,5.0,27.0,22.0,5.0,1.0,9.0,17.0,32.0,28.0,16,11,44.0,1.4666666666666666
11,1954,Raith Rovers,30.0,7,3,5.0,37.0,21.0,3.0,3.0,9.0,19.0,39.0,26.0,16,12,56.0,1.8666666666666667
12,1954,Falkirk,30.0,5,5,5.0,31.0,31.0,4.0,2.0,9.0,16.0,30.0,25.0,16,13,47.0,1.5666666666666667
13,1954,Stirling Albion,30.0,8,1,6.0,27.0,21.0,2.0,3.0,10.0,12.0,41.0,24.0,16,14,39.0,1.3
14,1954,Airdrieonians,30.0,4,5,6.0,29.0,35.0,1.0,0.0,14.0,12.0,57.0,15.0,16,15,41.0,1.3666666666666667
15,1954,Hamilton Academical,30.0,4,1,10.0,17.0,35.0,0.0,2.0,13.0,12.0,59.0,11.0,16,16,29.0,0.9666666666666667
0,1955,Aberdeen,30.0,14,0,1.0,41.0,9.0,10.0,1.0,4.0,32.0,17.0,49.0,16,1,73.0,2.433333333333333
1,1955,Celtic,30.0,10,4,1.0,42.0,16.0,9.0,4.0,2.0,34.0,21.0,46.0,16,2,76.0,2.533333333333333
2,1955,Rangers,30.0,13,2,0.0,40.0,8.0,6.0,1.0,8.0,27.0,25.0,41.0,16,3,67.0,2.2333333333333334
3,1955,Hearts,30.0,10,2,3.0,40.0,25.0,6.0,5.0,4.0,34.0,20.0,39.0,16,4,74.0,2.466666666666667
4,1955,Hibernian,30.0,8,2,5.0,28.0,23.0,7.0,2.0,6.0,36.0,31.0,34.0,16,5,64.0,2.1333333333333333
5,1955,St. Mirren,30.0,8,3,4.0,31.0,23.0,4.0,5.0,6.0,24.0,31.0,32.0,16,6,55.0,1.8333333333333333
6,1955,Clyde,30.0,6,7,2.0,33.0,20.0,5.0,2.0,8.0,26.0,30.0,31.0,16,7,59.0,1.9666666666666666
7,1955,Dundee,30.0,9,2,4.0,32.0,21.0,4.0,2.0,9.0,16.0,27.0,30.0,16,8,48.0,1.6
8,1955,Partick Thistle,30.0,5,5,5.0,24.0,29.0,6.0,2.0,7.0,25.0,32.0,29.0,16,9,49.0,1.6333333333333333
9,1955,Kilmarnock,30.0,5,3,7.0,18.0,24.0,5.0,3.0,7.0,28.0,34.0,26.0,16,10,46.0,1.5333333333333334
10,1955,East Fife,30.0,6,1,8.0,32.0,35.0,3.0,5.0,7.0,19.0,27.0,24.0,16,11,51.0,1.7
11,1955,Falkirk,30.0,6,6,3.0,28.0,23.0,2.0,2.0,11.0,14.0,31.0,24.0,16,12,42.0,1.4
12,1955,Queen Of The South,30.0,7,2,6.0,22.0,29.0,2.0,4.0,9.0,16.0,27.0,24.0,16,13,38.0,1.2666666666666666
13,1955,Raith Rovers,30.0,9,1,5.0,34.0,23.0,1.0,2.0,12.0,15.0,34.0,23.0,16,14,49.0,1.6333333333333333
14,1955,Motherwell,30.0,5,2,8.0,23.0,31.0,4.0,2.0,9.0,19.0,31.0,22.0,16,15,42.0,1.4
15,1955,Stirling Albion,30.0,2,1,12.0,15.0,40.0,0.0,1.0,14.0,14.0,65.0,6.0,16,16,29.0,0.9666666666666667
0,1956,Rangers,34.0,12,4,1.0,51.0,13.0,10.0,4.0,3.0,34.0,14.0,52.0,18,1,85.0,2.5
1,1956,Aberdeen,34.0,11,3,3.0,52.0,29.0,7.0,7.0,3.0,35.0,21.0,46.0,18,2,87.0,2.5588235294117645
2,1956,Hearts,34.0,13,2,2.0,65.0,17.0,6.0,5.0,6.0,34.0,30.0,45.0,18,3,99.0,2.911764705882353
3,1956,Hibernian,34.0,11,4,2.0,57.0,24.0,8.0,3.0,6.0,29.0,26.0,45.0,18,4,86.0,2.5294117647058822
4,1956,Celtic,34.0,9,4,4.0,31.0,18.0,7.0,5.0,5.0,24.0,21.0,41.0,18,5,55.0,1.6176470588235294
5,1956,Queen Of The South,34.0,12,2,3.0,46.0,23.0,4.0,3.0,10.0,23.0,50.0,37.0,18,6,69.0,2.0294117647058822
6,1956,Airdrieonians,34.0,8,4,5.0,41.0,41.0,6.0,4.0,7.0,44.0,55.0,36.0,18,7,85.0,2.5
7,1956,Kilmarnock,34.0,7,6,4.0,26.0,20.0,5.0,4.0,8.0,26.0,25.0,34.0,18,8,52.0,1.5294117647058822
8,1956,Partick Thistle,34.0,8,4,5.0,36.0,22.0,5.0,3.0,9.0,26.0,38.0,33.0,18,9,62.0,1.8235294117647058
9,1956,Motherwell,34.0,7,6,4.0,30.0,21.0,4.0,5.0,8.0,23.0,38.0,33.0,18,10,53.0,1.5588235294117647
10,1956,Raith Rovers,34.0,6,7,4.0,30.0,30.0,6.0,2.0,9.0,28.0,45.0,33.0,18,11,58.0,1.7058823529411764
11,1956,East Fife,34.0,11,3,3.0,43.0,21.0,2.0,2.0,13.0,18.0,48.0,31.0,18,12,61.0,1.7941176470588236
12,1956,Dundee,34.0,10,2,5.0,35.0,24.0,2.0,4.0,11.0,21.0,41.0,30.0,18,13,56.0,1.6470588235294117
13,1956,Falkirk,34.0,9,2,6.0,37.0,28.0,2.0,4.0,11.0,21.0,47.0,28.0,18,14,58.0,1.7058823529411764
14,1956,St. Mirren,34.0,9,2,6.0,39.0,23.0,1.0,5.0,11.0,18.0,47.0,27.0,18,15,57.0,1.6764705882352942
15,1956,Dunfermline Athletic,34.0,6,4,7.0,26.0,36.0,4.0,2.0,11.0,16.0,46.0,26.0,18,16,42.0,1.2352941176470589
16,1956,Clyde,34.0,2,4,11.0,21.0,40.0,6.0,2.0,9.0,29.0,34.0,22.0,18,17,50.0,1.4705882352941178
17,1956,Stirling Albion,34.0,4,3,10.0,15.0,27.0,0.0,2.0,15.0,8.0,55.0,13.0,18,18,23.0,0.6764705882352942
0,1957,Rangers,34.0,13,2,2.0,51.0,22.0,13.0,1.0,3.0,45.0,26.0,55.0,18,1,96.0,2.823529411764706
1,1957,Hearts,34.0,11,3,3.0,40.0,23.0,13.0,2.0,2.0,41.0,25.0,53.0,18,2,81.0,2.3823529411764706
2,1957,Kilmarnock,34.0,9,6,2.0,35.0,20.0,7.0,4.0,6.0,22.0,19.0,42.0,18,3,57.0,1.6764705882352942
3,1957,Raith Rovers,34.0,10,2,5.0,52.0,32.0,6.0,5.0,6.0,32.0,26.0,39.0,18,4,84.0,2.4705882352941178
4,1957,Celtic,34.0,9,6,2.0,33.0,14.0,6.0,2.0,9.0,25.0,29.0,38.0,18,5,58.0,1.7058823529411764
5,1957,Aberdeen,34.0,10,1,6.0,36.0,24.0,8.0,1.0,8.0,43.0,35.0,38.0,18,6,79.0,2.323529411764706
6,1957,Motherwell,34.0,9,2,6.0,41.0,32.0,7.0,3.0,7.0,31.0,34.0,37.0,18,7,72.0,2.1176470588235294
7,1957,Partick Thistle,34.0,11,3,3.0,37.0,18.0,2.0,5.0,10.0,16.0,33.0,34.0,18,8,53.0,1.5588235294117647
8,1957,Hibernian,34.0,6,8,3.0,38.0,20.0,6.0,1.0,10.0,31.0,36.0,33.0,18,9,69.0,2.0294117647058822
9,1957,Dundee,34.0,10,2,5.0,38.0,23.0,3.0,4.0,10.0,17.0,38.0,32.0,18,10,55.0,1.6176470588235294
10,1957,Airdrieonians,34.0,8,2,7.0,45.0,40.0,5.0,2.0,10.0,32.0,49.0,30.0,18,11,77.0,2.264705882352941
11,1957,St. Mirren,34.0,8,3,6.0,37.0,25.0,4.0,3.0,10.0,21.0,47.0,30.0,18,12,58.0,1.7058823529411764
12,1957,Queen'S Park,34.0,9,2,6.0,33.0,19.0,2.0,5.0,10.0,22.0,40.0,29.0,18,13,55.0,1.6176470588235294
13,1957,Falkirk,34.0,5,2,10.0,28.0,35.0,5.0,6.0,6.0,23.0,35.0,28.0,18,14,51.0,1.5
14,1957,East Fife,34.0,7,3,7.0,33.0,34.0,3.0,3.0,11.0,26.0,48.0,26.0,18,15,59.0,1.7352941176470589
15,1957,Queen Of The South,34.0,8,3,6.0,36.0,37.0,2.0,2.0,13.0,18.0,59.0,25.0,18,16,54.0,1.588235294117647
16,1957,Dunfermline Athletic,34.0,6,3,8.0,31.0,36.0,3.0,3.0,11.0,23.0,38.0,24.0,18,17,54.0,1.588235294117647
17,1957,Ayr United,34.0,5,2,10.0,27.0,35.0,2.0,3.0,12.0,21.0,54.0,19.0,18,18,48.0,1.411764705882353
0,1958,Hearts,34.0,15,2,0.0,79.0,17.0,14.0,2.0,1.0,53.0,12.0,62.0,18,1,132.0,3.8823529411764706
1,1958,Rangers,34.0,10,2,5.0,47.0,26.0,12.0,3.0,2.0,42.0,23.0,49.0,18,2,89.0,2.6176470588235294
2,1958,Celtic,34.0,7,6,4.0,42.0,22.0,12.0,2.0,3.0,42.0,25.0,46.0,18,3,84.0,2.4705882352941178
3,1958,Clyde,34.0,13,1,3.0,53.0,27.0,5.0,5.0,7.0,31.0,34.0,42.0,18,4,84.0,2.4705882352941178
4,1958,Kilmarnock,34.0,8,6,3.0,36.0,24.0,6.0,3.0,8.0,24.0,31.0,37.0,18,5,60.0,1.7647058823529411
5,1958,Partick Thistle,34.0,11,1,5.0,37.0,25.0,6.0,2.0,9.0,32.0,46.0,37.0,18,6,69.0,2.0294117647058822
6,1958,Raith Rovers,34.0,10,2,5.0,37.0,20.0,4.0,5.0,8.0,29.0,36.0,35.0,18,7,66.0,1.9411764705882353
7,1958,Motherwell,34.0,8,3,6.0,36.0,31.0,4.0,5.0,8.0,32.0,36.0,32.0,18,8,68.0,2.0
8,1958,Hibernian,34.0,6,4,7.0,34.0,26.0,7.0,1.0,9.0,25.0,34.0,31.0,18,9,59.0,1.7352941176470589
9,1958,Falkirk,34.0,6,5,6.0,30.0,32.0,5.0,4.0,8.0,34.0,50.0,31.0,18,10,64.0,1.8823529411764706
10,1958,Dundee,34.0,10,1,6.0,32.0,22.0,3.0,4.0,10.0,17.0,43.0,31.0,18,11,49.0,1.4411764705882353
11,1958,Aberdeen,34.0,8,0,9.0,40.0,35.0,6.0,2.0,9.0,28.0,41.0,30.0,18,12,68.0,2.0
12,1958,St. Mirren,34.0,7,4,6.0,31.0,27.0,4.0,4.0,9.0,28.0,39.0,30.0,18,13,59.0,1.7352941176470589
13,1958,Third Lanark,34.0,6,2,9.0,32.0,39.0,7.0,2.0,8.0,37.0,49.0,30.0,18,14,69.0,2.0294117647058822
14,1958,Queen Of The South,34.0,6,4,7.0,33.0,32.0,6.0,1.0,10.0,28.0,40.0,29.0,18,15,61.0,1.7941176470588236
15,1958,Airdrieonians,34.0,8,2,7.0,47.0,45.0,5.0,0.0,12.0,24.0,47.0,28.0,18,16,71.0,2.088235294117647
16,1958,East Fife,34.0,5,2,10.0,24.0,40.0,5.0,1.0,11.0,21.0,48.0,23.0,18,17,45.0,1.3235294117647058
17,1958,Queen'S Park,34.0,1,0,16.0,18.0,60.0,3.0,1.0,13.0,23.0,54.0,9.0,18,18,41.0,1.2058823529411764
0,1959,Rangers,34.0,13,2,2.0,41.0,17.0,8.0,6.0,3.0,51.0,34.0,50.0,18,1,92.0,2.7058823529411766
1,1959,Hearts,34.0,12,2,3.0,49.0,25.0,9.0,4.0,4.0,43.0,26.0,48.0,18,2,92.0,2.7058823529411766
2,1959,Motherwell,34.0,11,4,2.0,44.0,19.0,7.0,4.0,6.0,39.0,31.0,44.0,18,3,83.0,2.4411764705882355
3,1959,Dundee,34.0,10,5,2.0,36.0,25.0,6.0,4.0,7.0,25.0,26.0,41.0,18,4,61.0,1.7941176470588236
4,1959,Airdrieonians,34.0,8,3,6.0,35.0,32.0,7.0,4.0,6.0,29.0,30.0,37.0,18,5,64.0,1.8823529411764706
5,1959,Celtic,34.0,11,4,2.0,48.0,24.0,3.0,4.0,10.0,22.0,29.0,36.0,18,6,70.0,2.0588235294117645
6,1959,St. Mirren,34.0,8,4,5.0,38.0,33.0,6.0,3.0,8.0,33.0,41.0,35.0,18,7,71.0,2.088235294117647
7,1959,Kilmarnock,34.0,10,3,4.0,38.0,23.0,3.0,5.0,9.0,20.0,28.0,34.0,18,8,58.0,1.7058823529411764
8,1959,Partick Thistle,34.0,8,4,5.0,34.0,27.0,6.0,2.0,9.0,25.0,39.0,34.0,18,9,59.0,1.7352941176470589
9,1959,Hibernian,34.0,8,3,6.0,38.0,31.0,5.0,3.0,9.0,30.0,39.0,32.0,18,10,68.0,2.0
10,1959,Third Lanark,34.0,6,5,6.0,40.0,31.0,5.0,5.0,7.0,34.0,52.0,32.0,18,11,74.0,2.176470588235294
11,1959,Stirling Albion,34.0,6,5,6.0,27.0,25.0,5.0,3.0,9.0,27.0,39.0,30.0,18,12,54.0,1.588235294117647
12,1959,Aberdeen,34.0,7,4,6.0,42.0,29.0,5.0,1.0,11.0,21.0,37.0,29.0,18,13,63.0,1.8529411764705883
13,1959,Raith Rovers,34.0,9,3,5.0,33.0,25.0,1.0,6.0,10.0,27.0,45.0,29.0,18,14,60.0,1.7647058823529411
14,1959,Clyde,34.0,8,2,7.0,37.0,34.0,4.0,2.0,11.0,25.0,32.0,28.0,18,15,62.0,1.8235294117647058
15,1959,Dunfermline Athletic,34.0,7,3,7.0,41.0,41.0,3.0,5.0,9.0,27.0,46.0,28.0,18,16,68.0,2.0
16,1959,Falkirk,34.0,6,4,7.0,32.0,33.0,4.0,3.0,10.0,26.0,46.0,27.0,18,17,58.0,1.7058823529411764
17,1959,Queen Of The South,34.0,4,5,8.0,24.0,44.0,2.0,1.0,14.0,14.0,57.0,18.0,18,18,38.0,1.1176470588235294
0,1960,Hearts,34.0,14,2,1.0,56.0,22.0,9.0,6.0,2.0,46.0,29.0,54.0,18,1,102.0,3.0
1,1960,Kilmarnock,34.0,13,2,2.0,34.0,20.0,11.0,0.0,6.0,33.0,25.0,50.0,18,2,67.0,1.9705882352941178
2,1960,Rangers,34.0,5,6,6.0,30.0,22.0,12.0,2.0,3.0,42.0,16.0,42.0,18,3,72.0,2.1176470588235294
3,1960,Dundee,34.0,11,1,5.0,41.0,25.0,5.0,9.0,3.0,29.0,24.0,42.0,18,4,70.0,2.0588235294117645
4,1960,Motherwell,34.0,9,4,4.0,42.0,26.0,7.0,4.0,6.0,29.0,35.0,40.0,18,5,71.0,2.088235294117647
5,1960,Clyde,34.0,7,5,5.0,41.0,30.0,8.0,4.0,5.0,36.0,39.0,39.0,18,6,77.0,2.264705882352941
6,1960,Hibernian,34.0,8,4,5.0,52.0,39.0,6.0,3.0,8.0,54.0,46.0,35.0,18,7,106.0,3.1176470588235294
7,1960,Ayr United,34.0,9,4,4.0,36.0,26.0,5.0,2.0,10.0,29.0,47.0,34.0,18,8,65.0,1.911764705882353
8,1960,Celtic,34.0,7,5,5.0,36.0,24.0,5.0,4.0,8.0,37.0,35.0,33.0,18,9,73.0,2.1470588235294117
9,1960,Partick Thistle,34.0,10,0,7.0,26.0,32.0,4.0,4.0,9.0,28.0,46.0,32.0,18,10,54.0,1.588235294117647
10,1960,Raith Rovers,34.0,7,3,7.0,38.0,27.0,7.0,0.0,10.0,26.0,35.0,31.0,18,11,64.0,1.8823529411764706
11,1960,Third Lanark,34.0,7,3,7.0,45.0,38.0,6.0,1.0,10.0,30.0,45.0,30.0,18,12,75.0,2.2058823529411766
12,1960,Dunfermline Athletic,34.0,7,5,5.0,39.0,34.0,3.0,4.0,10.0,33.0,46.0,29.0,18,13,72.0,2.1176470588235294
13,1960,St. Mirren,34.0,5,3,9.0,38.0,44.0,6.0,3.0,8.0,40.0,42.0,28.0,18,14,78.0,2.2941176470588234
14,1960,Aberdeen,34.0,8,4,5.0,35.0,32.0,3.0,2.0,12.0,19.0,40.0,28.0,18,15,54.0,1.588235294117647
15,1960,Airdrieonians,34.0,5,1,11.0,31.0,54.0,6.0,5.0,6.0,25.0,26.0,28.0,18,16,56.0,1.6470588235294117
16,1960,Stirling Albion,34.0,4,3,10.0,28.0,36.0,3.0,5.0,9.0,27.0,36.0,22.0,18,17,55.0,1.6176470588235294
17,1960,Arbroath,34.0,4,5,8.0,29.0,41.0,0.0,2.0,15.0,9.0,65.0,15.0,18,18,38.0,1.1176470588235294
0,1961,Rangers,34.0,14,1,2.0,52.0,19.0,9.0,4.0,4.0,36.0,27.0,51.0,18,1,88.0,2.588235294117647
1,1961,Kilmarnock,34.0,12,4,1.0,45.0,19.0,9.0,4.0,4.0,32.0,26.0,50.0,18,2,77.0,2.264705882352941
2,1961,Third Lanark,34.0,11,2,4.0,55.0,33.0,9.0,0.0,8.0,45.0,47.0,42.0,18,3,100.0,2.9411764705882355
3,1961,Celtic,34.0,9,4,4.0,33.0,22.0,6.0,5.0,6.0,31.0,24.0,39.0,18,4,64.0,1.8823529411764706
4,1961,Motherwell,34.0,9,3,5.0,34.0,28.0,6.0,5.0,6.0,36.0,29.0,38.0,18,5,70.0,2.0588235294117645
5,1961,Aberdeen,34.0,9,2,6.0,38.0,34.0,5.0,6.0,6.0,34.0,38.0,36.0,18,6,72.0,2.1176470588235294
6,1961,Hearts,34.0,8,3,6.0,26.0,25.0,5.0,5.0,7.0,25.0,28.0,34.0,18,7,51.0,1.5
7,1961,Hibernian,34.0,10,3,4.0,41.0,30.0,5.0,1.0,11.0,25.0,39.0,34.0,18,8,66.0,1.9411764705882353
8,1961,Dundee United,34.0,9,3,5.0,36.0,21.0,4.0,4.0,9.0,24.0,37.0,33.0,18,9,60.0,1.7647058823529411
9,1961,Dundee,34.0,9,3,5.0,38.0,23.0,4.0,3.0,10.0,23.0,30.0,32.0,18,10,61.0,1.7941176470588236
10,1961,Partick Thistle,34.0,8,4,5.0,36.0,30.0,5.0,2.0,10.0,23.0,39.0,32.0,18,11,59.0,1.7352941176470589
11,1961,Dunfermline Athletic,34.0,8,4,5.0,43.0,42.0,4.0,3.0,10.0,22.0,39.0,31.0,18,12,65.0,1.911764705882353
12,1961,Airdrieonians,34.0,9,4,4.0,39.0,28.0,1.0,6.0,10.0,22.0,43.0,30.0,18,13,61.0,1.7941176470588236
13,1961,St. Mirren,34.0,6,5,6.0,25.0,22.0,5.0,2.0,10.0,28.0,36.0,29.0,18,14,53.0,1.5588235294117647
14,1961,St. Johnstone,34.0,7,5,5.0,30.0,29.0,3.0,4.0,10.0,17.0,34.0,29.0,18,15,47.0,1.3823529411764706
15,1961,Raith Rovers,34.0,5,4,8.0,26.0,34.0,5.0,3.0,9.0,20.0,33.0,27.0,18,16,46.0,1.3529411764705883
16,1961,Clyde,34.0,5,7,5.0,31.0,29.0,1.0,4.0,12.0,24.0,48.0,23.0,18,17,55.0,1.6176470588235294
17,1961,Ayr United,34.0,5,6,6.0,24.0,26.0,0.0,6.0,11.0,27.0,55.0,22.0,18,18,51.0,1.5
0,1962,Dundee,34.0,13,2,2.0,41.0,23.0,12.0,2.0,3.0,39.0,23.0,54.0,18,1,80.0,2.3529411764705883
1,1962,Rangers,34.0,12,2,3.0,43.0,18.0,10.0,5.0,2.0,41.0,13.0,51.0,18,2,84.0,2.4705882352941178
2,1962,Celtic,34.0,12,4,1.0,46.0,16.0,7.0,4.0,6.0,35.0,21.0,46.0,18,3,81.0,2.3823529411764706
3,1962,Dunfermline Athletic,34.0,13,1,3.0,46.0,15.0,6.0,4.0,7.0,31.0,31.0,43.0,18,4,77.0,2.264705882352941
4,1962,Kilmarnock,34.0,10,4,3.0,41.0,27.0,6.0,6.0,5.0,33.0,31.0,42.0,18,5,74.0,2.176470588235294
5,1962,Hearts,34.0,7,5,5.0,30.0,28.0,9.0,1.0,7.0,24.0,21.0,38.0,18,6,54.0,1.588235294117647
6,1962,Partick Thistle,34.0,12,0,5.0,36.0,21.0,4.0,3.0,10.0,24.0,34.0,35.0,18,7,60.0,1.7647058823529411
7,1962,Hibernian,34.0,7,5,5.0,31.0,30.0,7.0,0.0,10.0,27.0,42.0,33.0,18,8,58.0,1.7058823529411764
8,1962,Motherwell,34.0,7,3,7.0,35.0,34.0,6.0,3.0,8.0,30.0,28.0,32.0,18,9,65.0,1.911764705882353
9,1962,Dundee United,34.0,8,3,6.0,43.0,30.0,5.0,3.0,9.0,27.0,41.0,32.0,18,10,70.0,2.0588235294117645
10,1962,Third Lanark,34.0,8,3,6.0,37.0,31.0,5.0,2.0,10.0,22.0,29.0,31.0,18,11,59.0,1.7352941176470589
11,1962,Aberdeen,34.0,6,6,5.0,33.0,27.0,4.0,3.0,10.0,27.0,46.0,29.0,18,12,60.0,1.7647058823529411
12,1962,Raith Rovers,34.0,5,5,7.0,24.0,29.0,5.0,2.0,10.0,27.0,44.0,27.0,18,13,51.0,1.5
13,1962,Falkirk,34.0,6,2,9.0,23.0,30.0,5.0,2.0,10.0,22.0,38.0,26.0,18,14,45.0,1.3235294117647058
14,1962,Airdrieonians,34.0,7,2,8.0,35.0,33.0,2.0,5.0,10.0,22.0,45.0,25.0,18,15,57.0,1.6764705882352942
15,1962,St. Mirren,34.0,7,3,7.0,29.0,29.0,3.0,2.0,12.0,23.0,51.0,25.0,18,16,52.0,1.5294117647058822
16,1962,St. Johnstone,34.0,4,2,11.0,14.0,34.0,5.0,5.0,7.0,21.0,27.0,25.0,18,17,35.0,1.0294117647058822
17,1962,Stirling Albion,34.0,5,3,9.0,22.0,32.0,1.0,3.0,13.0,12.0,44.0,18.0,18,18,34.0,1.0
0,1963,Rangers,34.0,13,4,0.0,53.0,15.0,12.0,3.0,2.0,41.0,13.0,57.0,18,1,94.0,2.764705882352941
1,1963,Kilmarnock,34.0,12,4,1.0,55.0,16.0,8.0,4.0,5.0,37.0,24.0,48.0,18,2,92.0,2.7058823529411766
2,1963,Partick Thistle,34.0,11,1,5.0,39.0,26.0,9.0,5.0,3.0,27.0,18.0,46.0,18,3,66.0,1.9411764705882353
3,1963,Celtic,34.0,10,3,4.0,33.0,16.0,9.0,3.0,5.0,43.0,28.0,44.0,18,4,76.0,2.235294117647059
4,1963,Hearts,34.0,10,4,3.0,45.0,26.0,7.0,5.0,5.0,40.0,33.0,43.0,18,5,85.0,2.5
5,1963,Aberdeen,34.0,10,2,5.0,38.0,19.0,7.0,5.0,5.0,32.0,28.0,41.0,18,6,70.0,2.0588235294117645
6,1963,Dundee United,34.0,10,6,1.0,41.0,20.0,5.0,5.0,7.0,26.0,32.0,41.0,18,7,67.0,1.9705882352941178
7,1963,Dunfermline Athletic,34.0,9,5,3.0,37.0,20.0,4.0,3.0,10.0,13.0,27.0,34.0,18,8,50.0,1.4705882352941178
8,1963,Dundee,34.0,9,6,2.0,39.0,20.0,3.0,3.0,11.0,21.0,29.0,33.0,18,9,60.0,1.7647058823529411
9,1963,Motherwell,34.0,6,7,4.0,32.0,23.0,4.0,4.0,9.0,28.0,40.0,31.0,18,10,60.0,1.7647058823529411
10,1963,Airdrieonians,34.0,10,0,7.0,36.0,33.0,4.0,2.0,11.0,16.0,43.0,30.0,18,11,52.0,1.5294117647058822
11,1963,St. Mirren,34.0,6,4,7.0,32.0,36.0,4.0,4.0,9.0,20.0,36.0,28.0,18,12,52.0,1.5294117647058822
12,1963,Falkirk,34.0,8,1,8.0,35.0,35.0,4.0,2.0,11.0,19.0,34.0,27.0,18,13,54.0,1.588235294117647
13,1963,Third Lanark,34.0,6,4,7.0,28.0,29.0,3.0,4.0,10.0,28.0,39.0,26.0,18,14,56.0,1.6470588235294117
14,1963,Queen Of The South,34.0,6,3,8.0,20.0,30.0,4.0,3.0,10.0,16.0,45.0,26.0,18,15,36.0,1.0588235294117647
15,1963,Hibernian,34.0,4,5,8.0,17.0,30.0,4.0,4.0,9.0,30.0,37.0,25.0,18,16,47.0,1.3823529411764706
16,1963,Clyde,34.0,6,1,10.0,25.0,38.0,3.0,4.0,10.0,24.0,45.0,23.0,18,17,49.0,1.4411764705882353
17,1963,Raith Rovers,34.0,0,4,13.0,16.0,48.0,2.0,1.0,14.0,19.0,70.0,9.0,18,18,35.0,1.0294117647058822
0,1964,Rangers,34.0,13,1,3.0,43.0,19.0,12.0,4.0,1.0,42.0,12.0,55.0,18,1,85.0,2.5
1,1964,Kilmarnock,34.0,14,2,1.0,50.0,15.0,8.0,3.0,6.0,27.0,25.0,49.0,18,2,77.0,2.264705882352941
2,1964,Celtic,34.0,13,3,1.0,61.0,16.0,6.0,6.0,5.0,28.0,18.0,47.0,18,3,89.0,2.6176470588235294
3,1964,Hearts,34.0,8,5,4.0,39.0,23.0,11.0,4.0,2.0,35.0,17.0,47.0,18,4,74.0,2.176470588235294
4,1964,Dunfermline Athletic,34.0,11,3,3.0,41.0,16.0,7.0,6.0,4.0,23.0,17.0,45.0,18,5,64.0,1.8823529411764706
5,1964,Dundee,34.0,11,3,3.0,53.0,27.0,9.0,2.0,6.0,41.0,23.0,45.0,18,6,94.0,2.764705882352941
6,1964,Partick Thistle,34.0,11,3,3.0,30.0,16.0,4.0,2.0,11.0,25.0,38.0,35.0,18,7,55.0,1.6176470588235294
7,1964,Dundee United,34.0,10,2,5.0,43.0,23.0,3.0,6.0,8.0,22.0,26.0,34.0,18,8,65.0,1.911764705882353
8,1964,Aberdeen,34.0,5,5,7.0,26.0,26.0,7.0,3.0,7.0,27.0,27.0,32.0,18,9,53.0,1.5588235294117647
9,1964,Hibernian,34.0,9,4,4.0,33.0,22.0,3.0,2.0,12.0,26.0,44.0,30.0,18,10,59.0,1.7352941176470589
10,1964,Motherwell,34.0,7,5,5.0,29.0,24.0,2.0,6.0,9.0,22.0,38.0,29.0,18,11,51.0,1.5
11,1964,St. Mirren,34.0,9,4,4.0,24.0,23.0,3.0,1.0,13.0,20.0,51.0,29.0,18,12,44.0,1.2941176470588236
12,1964,St. Johnstone,34.0,6,3,8.0,27.0,32.0,5.0,3.0,9.0,27.0,38.0,28.0,18,13,54.0,1.588235294117647
13,1964,Falkirk,34.0,7,4,6.0,24.0,26.0,4.0,2.0,11.0,30.0,58.0,28.0,18,14,54.0,1.588235294117647
14,1964,Airdrieonians,34.0,7,3,7.0,34.0,41.0,4.0,1.0,12.0,18.0,56.0,26.0,18,15,52.0,1.5294117647058822
15,1964,Third Lanark,34.0,5,3,9.0,27.0,36.0,4.0,4.0,9.0,20.0,38.0,25.0,18,16,47.0,1.3823529411764706
16,1964,Queen Of The South,34.0,3,3,11.0,23.0,47.0,2.0,3.0,12.0,17.0,45.0,16.0,18,17,40.0,1.1764705882352942
17,1964,East Stirling,34.0,4,2,11.0,19.0,36.0,1.0,0.0,16.0,18.0,55.0,12.0,18,18,37.0,1.088235294117647
0,1965,Kilmarnock,34.0,12,4,1.0,38.0,17.0,10.0,2.0,5.0,24.0,16.0,50.0,18,1,62.0,1.8235294117647058
1,1965,Hearts,34.0,11,3,3.0,46.0,24.0,11.0,3.0,3.0,44.0,25.0,50.0,18,2,90.0,2.6470588235294117
2,1965,Dunfermline Athletic,34.0,14,2,1.0,55.0,14.0,8.0,3.0,6.0,28.0,22.0,49.0,18,3,83.0,2.4411764705882355
3,1965,Hibernian,34.0,11,2,4.0,44.0,26.0,10.0,2.0,5.0,31.0,21.0,46.0,18,4,75.0,2.2058823529411766
4,1965,Rangers,34.0,9,5,3.0,42.0,16.0,9.0,3.0,5.0,36.0,19.0,44.0,18,5,78.0,2.2941176470588234
5,1965,Dundee,34.0,9,4,4.0,47.0,32.0,6.0,6.0,5.0,39.0,31.0,40.0,18,6,86.0,2.5294117647058822
6,1965,Clyde,34.0,10,3,4.0,35.0,22.0,7.0,3.0,7.0,29.0,36.0,40.0,18,7,64.0,1.8823529411764706
7,1965,Celtic,34.0,9,2,6.0,33.0,18.0,7.0,3.0,7.0,43.0,39.0,37.0,18,8,76.0,2.235294117647059
8,1965,Dundee United,34.0,10,1,6.0,38.0,24.0,5.0,5.0,7.0,21.0,27.0,36.0,18,9,59.0,1.7352941176470589
9,1965,Morton,34.0,9,4,4.0,38.0,21.0,4.0,3.0,10.0,16.0,33.0,33.0,18,10,54.0,1.588235294117647
10,1965,Partick Thistle,34.0,5,5,7.0,28.0,30.0,6.0,5.0,6.0,29.0,28.0,32.0,18,11,57.0,1.6764705882352942
11,1965,Aberdeen,34.0,8,5,4.0,33.0,27.0,4.0,3.0,10.0,26.0,48.0,32.0,18,12,59.0,1.7352941176470589
12,1965,St. Johnstone,34.0,6,5,6.0,31.0,24.0,3.0,6.0,8.0,26.0,38.0,29.0,18,13,57.0,1.6764705882352942
13,1965,Motherwell,34.0,4,4,9.0,24.0,31.0,6.0,4.0,7.0,21.0,23.0,28.0,18,14,45.0,1.3235294117647058
14,1965,St. Mirren,34.0,8,2,7.0,27.0,32.0,1.0,4.0,12.0,11.0,38.0,24.0,18,15,38.0,1.1176470588235294
15,1965,Falkirk,34.0,6,5,6.0,27.0,26.0,1.0,2.0,14.0,16.0,59.0,21.0,18,16,43.0,1.2647058823529411
16,1965,Airdrieonians,34.0,3,3,11.0,26.0,48.0,2.0,1.0,14.0,22.0,62.0,14.0,18,17,48.0,1.411764705882353
17,1965,Third Lanark,34.0,2,0,15.0,11.0,41.0,1.0,1.0,15.0,11.0,58.0,7.0,18,18,22.0,0.6470588235294118
0,1966,Celtic,34.0,16,1,0.0,66.0,12.0,11.0,2.0,4.0,40.0,18.0,57.0,18,1,106.0,3.1176470588235294
1,1966,Rangers,34.0,15,1,1.0,49.0,10.0,10.0,4.0,3.0,42.0,19.0,55.0,18,2,91.0,2.676470588235294
2,1966,Kilmarnock,34.0,12,2,3.0,36.0,18.0,8.0,3.0,6.0,37.0,28.0,45.0,18,3,73.0,2.1470588235294117
3,1966,Dunfermline Athletic,34.0,11,2,4.0,52.0,29.0,8.0,4.0,5.0,42.0,26.0,44.0,18,4,94.0,2.764705882352941
4,1966,Dundee United,34.0,10,3,4.0,45.0,27.0,9.0,2.0,6.0,34.0,24.0,43.0,18,5,79.0,2.323529411764706
5,1966,Hibernian,34.0,8,6,3.0,45.0,22.0,8.0,0.0,9.0,36.0,33.0,38.0,18,6,81.0,2.3823529411764706
6,1966,Hearts,34.0,7,5,5.0,28.0,21.0,6.0,7.0,4.0,28.0,27.0,38.0,18,7,56.0,1.6470588235294117
7,1966,Aberdeen,34.0,8,3,6.0,35.0,26.0,7.0,3.0,7.0,26.0,28.0,36.0,18,8,61.0,1.7941176470588236
8,1966,Dundee,34.0,9,2,6.0,35.0,29.0,5.0,4.0,8.0,26.0,32.0,34.0,18,9,61.0,1.7941176470588236
9,1966,Falkirk,34.0,10,1,6.0,32.0,26.0,5.0,0.0,12.0,16.0,46.0,31.0,18,10,48.0,1.411764705882353
10,1966,Clyde,34.0,7,2,8.0,33.0,29.0,6.0,2.0,9.0,29.0,35.0,30.0,18,11,62.0,1.8235294117647058
11,1966,Partick Thistle,34.0,9,5,3.0,34.0,25.0,1.0,5.0,11.0,21.0,39.0,30.0,18,12,55.0,1.6176470588235294
12,1966,Motherwell,34.0,9,0,8.0,31.0,26.0,3.0,4.0,10.0,21.0,43.0,28.0,18,13,52.0,1.5294117647058822
13,1966,St. Johnstone,34.0,6,6,5.0,34.0,36.0,3.0,2.0,12.0,24.0,45.0,26.0,18,14,58.0,1.7058823529411764
14,1966,Stirling Albion,34.0,7,2,8.0,25.0,29.0,2.0,6.0,9.0,15.0,39.0,26.0,18,15,40.0,1.1764705882352942
15,1966,St. Mirren,34.0,6,3,8.0,27.0,34.0,3.0,1.0,13.0,17.0,48.0,22.0,18,16,44.0,1.2941176470588236
16,1966,Morton,34.0,4,5,8.0,18.0,31.0,4.0,0.0,13.0,24.0,53.0,21.0,18,17,42.0,1.2352941176470589
17,1966,Hamilton Academical,34.0,3,1,13.0,19.0,56.0,0.0,1.0,16.0,8.0,61.0,8.0,18,18,27.0,0.7941176470588235
0,1967,Celtic,34.0,14,2,1.0,61.0,17.0,12.0,4.0,1.0,50.0,16.0,58.0,18,1,111.0,3.264705882352941
1,1967,Rangers,34.0,13,3,1.0,54.0,13.0,11.0,4.0,2.0,38.0,18.0,55.0,18,2,92.0,2.7058823529411766
2,1967,Clyde,34.0,10,2,5.0,29.0,20.0,10.0,4.0,3.0,35.0,28.0,46.0,18,3,64.0,1.8823529411764706
3,1967,Aberdeen,34.0,11,3,3.0,44.0,17.0,6.0,5.0,6.0,28.0,21.0,42.0,18,4,72.0,2.1176470588235294
4,1967,Hibernian,34.0,10,3,4.0,43.0,24.0,9.0,1.0,7.0,29.0,25.0,42.0,18,5,72.0,2.1176470588235294
5,1967,Dundee,34.0,9,5,3.0,34.0,16.0,7.0,4.0,6.0,40.0,35.0,41.0,18,6,74.0,2.176470588235294
6,1967,Kilmarnock,34.0,9,5,3.0,33.0,18.0,7.0,3.0,7.0,26.0,28.0,40.0,18,7,59.0,1.7352941176470589
7,1967,Dunfermline Athletic,34.0,9,4,4.0,46.0,27.0,5.0,6.0,6.0,26.0,25.0,38.0,18,8,72.0,2.1176470588235294
8,1967,Dundee United,34.0,7,5,5.0,36.0,33.0,7.0,4.0,6.0,32.0,29.0,37.0,18,9,68.0,2.0
9,1967,Motherwell,34.0,7,6,4.0,37.0,26.0,3.0,5.0,9.0,22.0,34.0,31.0,18,10,59.0,1.7352941176470589
10,1967,Hearts,34.0,7,6,4.0,22.0,16.0,4.0,2.0,11.0,17.0,32.0,30.0,18,11,39.0,1.1470588235294117
11,1967,Partick Thistle,34.0,5,8,4.0,25.0,21.0,4.0,4.0,9.0,24.0,47.0,30.0,18,12,49.0,1.4411764705882353
12,1967,Airdrieonians,34.0,7,1,9.0,27.0,27.0,4.0,5.0,8.0,14.0,26.0,28.0,18,13,41.0,1.2058823529411764
13,1967,Falkirk,34.0,8,1,8.0,18.0,24.0,3.0,3.0,11.0,15.0,46.0,26.0,18,14,33.0,0.9705882352941176
14,1967,St. Johnstone,34.0,8,3,6.0,31.0,30.0,2.0,2.0,13.0,22.0,43.0,25.0,18,15,53.0,1.5588235294117647
15,1967,Stirling Albion,34.0,3,6,8.0,18.0,34.0,2.0,3.0,12.0,13.0,51.0,19.0,18,16,31.0,0.9117647058823529
16,1967,St. Mirren,34.0,4,1,12.0,18.0,47.0,0.0,6.0,11.0,7.0,34.0,15.0,18,17,25.0,0.7352941176470589
17,1967,Ayr United,34.0,1,4,12.0,11.0,37.0,0.0,3.0,14.0,9.0,49.0,9.0,18,18,20.0,0.5882352941176471
0,1968,Celtic,34.0,14,3,0.0,53.0,14.0,16.0,0.0,1.0,53.0,10.0,63.0,18,1,106.0,3.1176470588235294
1,1968,Rangers,34.0,14,2,1.0,50.0,13.0,14.0,3.0,0.0,43.0,21.0,61.0,18,2,93.0,2.735294117647059
2,1968,Hibernian,34.0,12,2,3.0,40.0,17.0,8.0,3.0,6.0,27.0,32.0,45.0,18,3,67.0,1.9705882352941178
3,1968,Dunfermline Athletic,34.0,9,1,7.0,38.0,18.0,8.0,4.0,5.0,26.0,23.0,39.0,18,4,64.0,1.8823529411764706
4,1968,Aberdeen,34.0,11,1,5.0,36.0,17.0,5.0,4.0,8.0,27.0,31.0,37.0,18,5,63.0,1.8529411764705883
5,1968,Morton,34.0,10,4,3.0,35.0,25.0,5.0,2.0,10.0,22.0,28.0,36.0,18,6,57.0,1.6764705882352942
6,1968,Kilmarnock,34.0,9,4,4.0,34.0,23.0,4.0,4.0,9.0,25.0,34.0,34.0,18,7,59.0,1.7352941176470589
7,1968,Clyde,34.0,9,3,5.0,39.0,25.0,6.0,1.0,10.0,16.0,30.0,34.0,18,8,55.0,1.6176470588235294
8,1968,Dundee,34.0,8,2,7.0,44.0,39.0,5.0,5.0,7.0,18.0,20.0,33.0,18,9,62.0,1.8235294117647058
9,1968,Partick Thistle,34.0,6,5,6.0,25.0,28.0,6.0,2.0,9.0,26.0,39.0,31.0,18,10,51.0,1.5
10,1968,Dundee United,34.0,7,7,3.0,36.0,30.0,3.0,4.0,10.0,17.0,42.0,31.0,18,11,53.0,1.5588235294117647
11,1968,Hearts,34.0,9,1,7.0,24.0,23.0,4.0,3.0,10.0,32.0,38.0,30.0,18,12,56.0,1.6470588235294117
12,1968,Airdrieonians,34.0,7,5,5.0,26.0,20.0,3.0,4.0,10.0,19.0,38.0,29.0,18,13,45.0,1.3235294117647058
13,1968,St. Johnstone,34.0,6,2,9.0,19.0,26.0,4.0,5.0,8.0,24.0,26.0,27.0,18,14,43.0,1.2647058823529411
14,1968,Falkirk,34.0,3,6,8.0,19.0,25.0,4.0,6.0,7.0,17.0,25.0,26.0,18,15,36.0,1.0588235294117647
15,1968,Raith Rovers,34.0,5,4,8.0,32.0,30.0,4.0,3.0,10.0,26.0,56.0,25.0,18,16,58.0,1.7058823529411764
16,1968,Motherwell,34.0,4,3,10.0,20.0,32.0,2.0,4.0,11.0,20.0,34.0,19.0,18,17,40.0,1.1764705882352942
17,1968,Stirling Albion,34.0,4,3,10.0,18.0,44.0,0.0,1.0,16.0,11.0,61.0,12.0,18,18,29.0,0.8529411764705882
0,1969,Celtic,34.0,12,3,2.0,50.0,19.0,11.0,5.0,1.0,39.0,13.0,54.0,18,1,89.0,2.6176470588235294
1,1969,Rangers,34.0,13,3,1.0,47.0,12.0,8.0,4.0,5.0,34.0,20.0,49.0,18,2,81.0,2.3823529411764706
2,1969,Dunfermline Athletic,34.0,12,4,1.0,42.0,20.0,7.0,3.0,7.0,21.0,25.0,45.0,18,3,63.0,1.8529411764705883
3,1969,Kilmarnock,34.0,10,6,1.0,30.0,15.0,5.0,8.0,4.0,20.0,17.0,44.0,18,4,50.0,1.4705882352941178
4,1969,Dundee United,34.0,12,3,2.0,40.0,25.0,5.0,6.0,6.0,21.0,24.0,43.0,18,5,61.0,1.7941176470588236
5,1969,St. Johnstone,34.0,11,2,4.0,39.0,22.0,5.0,3.0,9.0,27.0,37.0,37.0,18,6,66.0,1.9411764705882353
6,1969,Airdrieonians,34.0,10,5,2.0,27.0,16.0,3.0,6.0,8.0,19.0,28.0,37.0,18,7,46.0,1.3529411764705883
7,1969,Hearts,34.0,7,7,3.0,26.0,20.0,7.0,1.0,9.0,26.0,34.0,36.0,18,8,52.0,1.5294117647058822
8,1969,Dundee,34.0,4,8,5.0,24.0,23.0,6.0,4.0,7.0,23.0,25.0,32.0,18,9,47.0,1.3823529411764706
9,1969,Morton,34.0,8,5,4.0,34.0,27.0,4.0,3.0,10.0,24.0,41.0,32.0,18,10,58.0,1.7058823529411764
10,1969,St. Mirren,34.0,7,4,6.0,24.0,21.0,4.0,6.0,7.0,16.0,33.0,32.0,18,11,40.0,1.1764705882352942
11,1969,Hibernian,34.0,9,2,6.0,38.0,24.0,3.0,5.0,9.0,22.0,35.0,31.0,18,12,60.0,1.7647058823529411
12,1969,Clyde,34.0,6,7,4.0,20.0,18.0,3.0,6.0,8.0,15.0,32.0,31.0,18,13,35.0,1.0294117647058822
13,1969,Partick Thistle,34.0,7,3,7.0,21.0,24.0,2.0,7.0,8.0,18.0,29.0,28.0,18,14,39.0,1.1470588235294117
14,1969,Aberdeen,34.0,6,5,6.0,26.0,24.0,3.0,3.0,11.0,24.0,35.0,26.0,18,15,50.0,1.4705882352941178
15,1969,Raith Rovers,34.0,6,2,9.0,23.0,29.0,2.0,3.0,12.0,22.0,38.0,21.0,18,16,45.0,1.3235294117647058
16,1969,Falkirk,34.0,4,6,7.0,21.0,27.0,1.0,2.0,14.0,12.0,42.0,18.0,18,17,33.0,0.9705882352941176
17,1969,Arbroath,34.0,4,3,10.0,24.0,34.0,1.0,3.0,13.0,17.0,48.0,16.0,18,18,41.0,1.2058823529411764
0,1970,Celtic,34.0,12,2,3.0,54.0,18.0,15.0,1.0,1.0,42.0,15.0,57.0,18,1,96.0,2.823529411764706
1,1970,Rangers,34.0,13,1,3.0,38.0,17.0,6.0,6.0,5.0,29.0,23.0,45.0,18,2,67.0,1.9705882352941178
2,1970,Hibernian,34.0,12,3,2.0,40.0,17.0,7.0,3.0,7.0,25.0,23.0,44.0,18,3,65.0,1.911764705882353
3,1970,Hearts,34.0,6,7,4.0,28.0,19.0,7.0,5.0,5.0,22.0,17.0,38.0,18,4,50.0,1.4705882352941178
4,1970,Dundee United,34.0,10,3,4.0,36.0,23.0,6.0,3.0,8.0,26.0,41.0,38.0,18,5,62.0,1.8235294117647058
5,1970,Dundee,34.0,11,2,4.0,29.0,15.0,4.0,4.0,9.0,20.0,29.0,36.0,18,6,49.0,1.4411764705882353
6,1970,Kilmarnock,34.0,10,5,2.0,37.0,21.0,3.0,5.0,9.0,25.0,36.0,36.0,18,7,62.0,1.8235294117647058
7,1970,Aberdeen,34.0,6,6,5.0,30.0,19.0,8.0,1.0,8.0,25.0,26.0,35.0,18,8,55.0,1.6176470588235294
8,1970,Morton,34.0,9,5,3.0,33.0,21.0,4.0,4.0,9.0,19.0,31.0,35.0,18,9,52.0,1.5294117647058822
9,1970,Dunfermline Athletic,34.0,12,2,3.0,32.0,17.0,3.0,3.0,11.0,13.0,28.0,35.0,18,10,45.0,1.3235294117647058
10,1970,Motherwell,34.0,8,4,5.0,25.0,18.0,3.0,6.0,8.0,24.0,33.0,32.0,18,11,49.0,1.4411764705882353
11,1970,Airdrieonians,34.0,8,3,6.0,33.0,26.0,4.0,5.0,8.0,26.0,38.0,32.0,18,12,59.0,1.7352941176470589
12,1970,St. Johnstone,34.0,9,4,4.0,35.0,28.0,2.0,5.0,10.0,15.0,34.0,31.0,18,13,50.0,1.4705882352941178
13,1970,Ayr United,34.0,10,3,4.0,26.0,20.0,2.0,3.0,12.0,11.0,32.0,30.0,18,14,37.0,1.088235294117647
14,1970,St. Mirren,34.0,6,5,6.0,28.0,28.0,2.0,4.0,11.0,11.0,26.0,25.0,18,15,39.0,1.1470588235294117
15,1970,Clyde,34.0,8,4,5.0,21.0,18.0,1.0,3.0,13.0,13.0,38.0,25.0,18,16,34.0,1.0
16,1970,Raith Rovers,34.0,4,6,7.0,15.0,24.0,1.0,5.0,11.0,17.0,43.0,21.0,18,17,32.0,0.9411764705882353
17,1970,Partick Thistle,34.0,4,4,9.0,22.0,33.0,1.0,3.0,13.0,19.0,49.0,17.0,18,18,41.0,1.2058823529411764
0,1971,Celtic,34.0,15,1,1.0,43.0,7.0,10.0,5.0,2.0,46.0,16.0,56.0,18,1,89.0,2.6176470588235294
1,1971,Aberdeen,34.0,11,6,0.0,38.0,7.0,13.0,0.0,4.0,30.0,11.0,54.0,18,2,68.0,2.0
2,1971,St. Johnstone,34.0,10,3,4.0,33.0,20.0,9.0,3.0,5.0,26.0,24.0,44.0,18,3,59.0,1.7352941176470589
3,1971,Rangers,34.0,10,5,2.0,33.0,10.0,6.0,4.0,7.0,25.0,24.0,41.0,18,4,58.0,1.7058823529411764
4,1971,Dundee,34.0,9,2,6.0,30.0,23.0,5.0,8.0,4.0,23.0,22.0,38.0,18,5,53.0,1.5588235294117647
5,1971,Dundee United,34.0,8,4,5.0,34.0,29.0,6.0,4.0,7.0,19.0,25.0,36.0,18,6,53.0,1.5588235294117647
6,1971,Falkirk,34.0,8,5,4.0,24.0,20.0,5.0,4.0,8.0,22.0,33.0,35.0,18,7,46.0,1.3529411764705883
7,1971,Morton,34.0,9,4,4.0,25.0,17.0,4.0,4.0,9.0,19.0,27.0,34.0,18,8,44.0,1.2941176470588236
8,1971,Airdrieonians,34.0,8,3,6.0,33.0,26.0,5.0,5.0,7.0,27.0,39.0,34.0,18,9,60.0,1.7647058823529411
9,1971,Motherwell,34.0,7,4,6.0,30.0,27.0,6.0,4.0,7.0,13.0,20.0,34.0,18,10,43.0,1.2647058823529411
10,1971,Hearts,34.0,8,5,4.0,24.0,16.0,5.0,2.0,10.0,17.0,24.0,33.0,18,11,41.0,1.2058823529411764
11,1971,Hibernian,34.0,8,4,5.0,33.0,24.0,2.0,6.0,9.0,14.0,29.0,30.0,18,12,47.0,1.3823529411764706
12,1971,Kilmarnock,34.0,5,6,6.0,26.0,31.0,5.0,2.0,10.0,17.0,36.0,28.0,18,13,43.0,1.2647058823529411
13,1971,Ayr United,34.0,7,5,5.0,22.0,15.0,2.0,3.0,12.0,15.0,39.0,26.0,18,14,37.0,1.088235294117647
14,1971,Clyde,34.0,5,5,7.0,19.0,23.0,3.0,5.0,9.0,14.0,36.0,26.0,18,15,33.0,0.9705882352941176
15,1971,Dunfermline Athletic,34.0,6,5,6.0,26.0,19.0,0.0,6.0,11.0,18.0,37.0,23.0,18,16,44.0,1.2941176470588236
16,1971,St. Mirren,34.0,4,3,10.0,20.0,30.0,3.0,6.0,8.0,18.0,26.0,23.0,18,17,38.0,1.1176470588235294
17,1971,Cowdenbeath,34.0,1,2,14.0,13.0,39.0,6.0,1.0,10.0,20.0,38.0,17.0,18,18,33.0,0.9705882352941176
0,1972,Celtic,34.0,15,1,1.0,48.0,14.0,13.0,3.0,1.0,48.0,14.0,60.0,18,1,96.0,2.823529411764706
1,1972,Aberdeen,34.0,13,3,1.0,54.0,13.0,8.0,5.0,4.0,26.0,13.0,50.0,18,2,80.0,2.3529411764705883
2,1972,Rangers,34.0,11,0,6.0,41.0,21.0,10.0,2.0,5.0,30.0,17.0,44.0,18,3,71.0,2.088235294117647
3,1972,Hibernian,34.0,11,2,4.0,34.0,13.0,8.0,4.0,5.0,28.0,21.0,44.0,18,4,62.0,1.8235294117647058
4,1972,Dundee,34.0,8,6,3.0,30.0,14.0,6.0,7.0,4.0,29.0,24.0,41.0,18,5,59.0,1.7352941176470589
5,1972,Hearts,34.0,10,5,2.0,29.0,17.0,3.0,8.0,6.0,24.0,32.0,39.0,18,6,53.0,1.5588235294117647
6,1972,Partick Thistle,34.0,9,5,3.0,35.0,23.0,3.0,5.0,9.0,18.0,31.0,34.0,18,7,53.0,1.5588235294117647
7,1972,St. Johnstone,34.0,7,5,5.0,26.0,21.0,5.0,3.0,9.0,26.0,37.0,32.0,18,8,52.0,1.5294117647058822
8,1972,Dundee United,34.0,7,5,5.0,36.0,37.0,5.0,2.0,10.0,19.0,33.0,31.0,18,9,55.0,1.6176470588235294
9,1972,Motherwell,34.0,9,3,5.0,33.0,26.0,2.0,4.0,11.0,16.0,43.0,29.0,18,10,49.0,1.4411764705882353
10,1972,Kilmarnock,34.0,7,3,7.0,27.0,28.0,4.0,3.0,10.0,22.0,36.0,28.0,18,11,49.0,1.4411764705882353
11,1972,Ayr United,34.0,5,6,6.0,20.0,19.0,4.0,4.0,9.0,20.0,39.0,28.0,18,12,40.0,1.1764705882352942
12,1972,Morton,34.0,5,7,5.0,23.0,20.0,5.0,0.0,12.0,23.0,32.0,27.0,18,13,46.0,1.3529411764705883
13,1972,Falkirk,34.0,7,4,6.0,26.0,23.0,3.0,3.0,11.0,18.0,37.0,27.0,18,14,44.0,1.2941176470588236
14,1972,Airdrieonians,34.0,4,6,7.0,25.0,37.0,3.0,6.0,8.0,19.0,39.0,26.0,18,15,44.0,1.2941176470588236
15,1972,East Fife,34.0,2,7,8.0,19.0,34.0,3.0,8.0,6.0,15.0,27.0,25.0,18,16,34.0,1.0
16,1972,Clyde,34.0,5,4,8.0,16.0,26.0,2.0,6.0,9.0,17.0,40.0,24.0,18,17,33.0,0.9705882352941176
17,1972,Dunfermline Athletic,34.0,5,5,7.0,19.0,24.0,2.0,4.0,11.0,12.0,26.0,23.0,18,18,31.0,0.9117647058823529
0,1973,Celtic,34.0,14,3,0.0,47.0,10.0,12.0,2.0,3.0,46.0,18.0,57.0,18,1,93.0,2.735294117647059
1,1973,Rangers,34.0,14,2,1.0,36.0,10.0,12.0,2.0,3.0,38.0,20.0,56.0,18,2,74.0,2.176470588235294
2,1973,Hibernian,34.0,12,2,3.0,43.0,17.0,7.0,5.0,5.0,31.0,16.0,45.0,18,3,74.0,2.176470588235294
3,1973,Aberdeen,34.0,10,6,1.0,42.0,15.0,6.0,5.0,6.0,19.0,19.0,43.0,18,4,61.0,1.7941176470588236
4,1973,Dundee,34.0,13,4,0.0,45.0,10.0,4.0,5.0,8.0,23.0,33.0,43.0,18,5,68.0,2.0
5,1973,Ayr United,34.0,11,4,2.0,33.0,21.0,5.0,4.0,8.0,17.0,30.0,40.0,18,6,50.0,1.4705882352941178
6,1973,Dundee United,34.0,11,3,3.0,32.0,24.0,6.0,2.0,9.0,24.0,27.0,39.0,18,7,56.0,1.6470588235294117
7,1973,Motherwell,34.0,5,6,6.0,20.0,23.0,6.0,3.0,8.0,18.0,25.0,31.0,18,8,38.0,1.1176470588235294
8,1973,East Fife,34.0,8,3,6.0,26.0,21.0,3.0,5.0,9.0,20.0,33.0,30.0,18,9,46.0,1.3529411764705883
9,1973,Hearts,34.0,7,4,6.0,15.0,17.0,5.0,2.0,10.0,24.0,33.0,30.0,18,10,39.0,1.1470588235294117
10,1973,St. Johnstone,34.0,8,3,6.0,35.0,30.0,2.0,6.0,9.0,17.0,37.0,29.0,18,11,52.0,1.5294117647058822
11,1973,Morton,34.0,8,4,5.0,33.0,21.0,2.0,4.0,11.0,14.0,32.0,28.0,18,12,47.0,1.3823529411764706
12,1973,Partick Thistle,34.0,4,5,8.0,17.0,25.0,6.0,3.0,8.0,23.0,28.0,28.0,18,13,40.0,1.1764705882352942
13,1973,Falkirk,34.0,6,4,7.0,24.0,26.0,1.0,8.0,8.0,14.0,30.0,26.0,18,14,38.0,1.1176470588235294
14,1973,Arbroath,34.0,8,3,6.0,31.0,23.0,1.0,5.0,11.0,8.0,40.0,26.0,18,15,39.0,1.1470588235294117
15,1973,Dumbarton,34.0,3,9,5.0,26.0,30.0,3.0,2.0,12.0,17.0,42.0,23.0,18,16,43.0,1.2647058823529411
16,1973,Kilmarnock,34.0,6,3,8.0,23.0,30.0,1.0,5.0,11.0,17.0,41.0,22.0,18,17,40.0,1.1764705882352942
17,1973,Airdrieonians,34.0,2,4,11.0,16.0,35.0,2.0,4.0,11.0,18.0,40.0,16.0,18,18,34.0,1.0
0,1974,Celtic,34.0,12,4,1.0,51.0,12.0,11.0,3.0,3.0,31.0,15.0,53.0,18,1,82.0,2.411764705882353
1,1974,Hibernian,34.0,14,2,1.0,46.0,18.0,6.0,7.0,4.0,29.0,24.0,49.0,18,2,75.0,2.2058823529411766
2,1974,Rangers,34.0,9,3,5.0,32.0,17.0,12.0,3.0,2.0,35.0,17.0,48.0,18,3,67.0,1.9705882352941178
3,1974,Aberdeen,34.0,7,9,1.0,26.0,9.0,6.0,7.0,4.0,20.0,17.0,42.0,18,4,46.0,1.3529411764705883
4,1974,Dundee,34.0,7,3,7.0,32.0,25.0,9.0,4.0,4.0,35.0,23.0,39.0,18,5,67.0,1.9705882352941178
5,1974,Hearts,34.0,6,6,5.0,26.0,20.0,8.0,4.0,5.0,28.0,23.0,38.0,18,6,54.0,1.588235294117647
6,1974,Ayr United,34.0,9,4,4.0,23.0,16.0,6.0,4.0,7.0,21.0,24.0,38.0,18,7,44.0,1.2941176470588236
7,1974,Dundee United,34.0,7,3,7.0,30.0,25.0,8.0,4.0,5.0,25.0,26.0,37.0,18,8,55.0,1.6176470588235294
8,1974,Motherwell,34.0,8,5,4.0,28.0,20.0,6.0,2.0,9.0,17.0,20.0,35.0,18,9,45.0,1.3235294117647058
9,1974,Dumbarton,34.0,7,3,7.0,23.0,23.0,4.0,4.0,9.0,20.0,35.0,29.0,18,10,43.0,1.2647058823529411
10,1974,Partick Thistle,34.0,7,4,6.0,19.0,16.0,2.0,6.0,9.0,14.0,30.0,28.0,18,11,33.0,0.9705882352941176
11,1974,St. Johnstone,34.0,3,6,8.0,20.0,31.0,6.0,4.0,7.0,21.0,29.0,28.0,18,12,41.0,1.2058823529411764
12,1974,Arbroath,34.0,5,2,10.0,24.0,32.0,5.0,5.0,7.0,28.0,37.0,27.0,18,13,52.0,1.5294117647058822
13,1974,Morton,34.0,4,5,8.0,20.0,27.0,4.0,5.0,8.0,17.0,22.0,26.0,18,14,37.0,1.088235294117647
14,1974,Clyde,34.0,5,2,10.0,13.0,26.0,3.0,7.0,7.0,16.0,39.0,25.0,18,15,29.0,0.8529411764705882
15,1974,Dunfermline Athletic,34.0,3,5,9.0,28.0,37.0,5.0,3.0,9.0,15.0,28.0,24.0,18,16,43.0,1.2647058823529411
16,1974,East Fife,34.0,3,2,12.0,9.0,30.0,6.0,4.0,7.0,17.0,21.0,24.0,18,17,26.0,0.7647058823529411
17,1974,Falkirk,34.0,1,11,5.0,17.0,21.0,3.0,3.0,11.0,16.0,37.0,22.0,18,18,33.0,0.9705882352941176
0,1975,Rangers,34.0,14,1,2.0,39.0,15.0,11.0,5.0,1.0,47.0,18.0,56.0,18,1,86.0,2.5294117647058822
1,1975,Hibernian,34.0,12,2,3.0,41.0,16.0,8.0,7.0,2.0,28.0,21.0,49.0,18,2,69.0,2.0294117647058822
2,1975,Celtic,34.0,11,2,4.0,47.0,20.0,9.0,3.0,5.0,34.0,21.0,45.0,18,3,81.0,2.3823529411764706
3,1975,Dundee United,34.0,10,5,2.0,41.0,19.0,9.0,2.0,6.0,31.0,24.0,45.0,18,4,72.0,2.1176470588235294
4,1975,Aberdeen,34.0,9,6,2.0,42.0,20.0,7.0,3.0,7.0,24.0,23.0,41.0,18,5,66.0,1.9411764705882353
5,1975,Dundee,34.0,11,1,5.0,32.0,17.0,5.0,5.0,7.0,16.0,25.0,38.0,18,6,48.0,1.411764705882353
6,1975,Ayr United,34.0,9,5,3.0,29.0,27.0,5.0,3.0,9.0,21.0,34.0,36.0,18,7,50.0,1.4705882352941178
7,1975,Hearts,34.0,8,6,3.0,24.0,16.0,3.0,7.0,7.0,23.0,36.0,35.0,18,8,47.0,1.3823529411764706
8,1975,St. Johnstone,34.0,8,4,5.0,27.0,20.0,3.0,8.0,6.0,14.0,24.0,34.0,18,9,41.0,1.2058823529411764
9,1975,Motherwell,34.0,8,2,7.0,30.0,23.0,6.0,3.0,8.0,22.0,34.0,33.0,18,10,52.0,1.5294117647058822
10,1975,Airdrieonians,34.0,7,7,3.0,26.0,20.0,4.0,2.0,11.0,17.0,35.0,31.0,18,11,43.0,1.2647058823529411
11,1975,Kilmarnock,34.0,5,7,5.0,26.0,29.0,3.0,8.0,6.0,26.0,39.0,31.0,18,12,52.0,1.5294117647058822
12,1975,Partick Thistle,34.0,7,5,5.0,27.0,31.0,3.0,5.0,9.0,21.0,31.0,30.0,18,13,48.0,1.411764705882353
13,1975,Dumbarton,34.0,3,5,9.0,19.0,24.0,4.0,5.0,8.0,25.0,31.0,24.0,18,14,44.0,1.2941176470588236
14,1975,Dunfermline Athletic,34.0,3,6,8.0,24.0,32.0,4.0,3.0,10.0,22.0,34.0,23.0,18,15,46.0,1.3529411764705883
15,1975,Clyde,34.0,4,6,7.0,25.0,30.0,2.0,4.0,11.0,15.0,33.0,22.0,18,16,40.0,1.1764705882352942
16,1975,Morton,34.0,4,5,8.0,17.0,28.0,2.0,5.0,10.0,14.0,34.0,22.0,18,17,31.0,0.9117647058823529
17,1975,Arbroath,34.0,4,5,8.0,20.0,27.0,1.0,2.0,14.0,14.0,39.0,17.0,18,18,34.0,1.0
0,1976,Rangers,36.0,15,2,1.0,38.0,12.0,8.0,6.0,4.0,22.0,12.0,54.0,10,1,60.0,1.6666666666666667
1,1976,Celtic,36.0,10,5,3.0,35.0,18.0,11.0,1.0,6.0,36.0,24.0,48.0,10,2,71.0,1.9722222222222223
2,1976,Hibernian,36.0,13,2,3.0,37.0,15.0,5.0,5.0,8.0,18.0,28.0,43.0,10,3,55.0,1.5277777777777777
3,1976,Motherwell,36.0,11,4,3.0,29.0,18.0,5.0,4.0,9.0,28.0,31.0,40.0,10,4,57.0,1.5833333333333333
4,1976,Hearts,36.0,7,5,6.0,23.0,20.0,6.0,4.0,8.0,16.0,25.0,35.0,10,5,39.0,1.0833333333333333
5,1976,Ayr United,36.0,10,3,5.0,29.0,24.0,4.0,2.0,12.0,17.0,35.0,33.0,10,6,46.0,1.2777777777777777
6,1976,Aberdeen,36.0,8,5,5.0,27.0,19.0,3.0,5.0,10.0,22.0,31.0,32.0,10,7,49.0,1.3611111111111112
7,1976,Dundee United,36.0,9,3,6.0,27.0,20.0,3.0,5.0,10.0,19.0,28.0,32.0,10,8,46.0,1.2777777777777777
8,1976,Dundee,36.0,8,5,5.0,31.0,26.0,3.0,5.0,10.0,18.0,36.0,32.0,10,9,49.0,1.3611111111111112
9,1976,St. Johnstone,36.0,3,4,11.0,19.0,34.0,0.0,1.0,17.0,10.0,45.0,11.0,10,10,29.0,0.8055555555555556
0,1977,Celtic,36.0,13,5,0.0,44.0,16.0,10.0,4.0,4.0,35.0,23.0,55.0,10,1,79.0,2.1944444444444446
1,1977,Rangers,36.0,12,4,2.0,36.0,16.0,6.0,6.0,6.0,26.0,21.0,46.0,10,2,62.0,1.7222222222222223
2,1977,Aberdeen,36.0,11,4,3.0,30.0,18.0,5.0,7.0,6.0,26.0,24.0,43.0,10,3,56.0,1.5555555555555556
3,1977,Dundee United,36.0,8,5,5.0,26.0,17.0,8.0,4.0,6.0,28.0,28.0,41.0,10,4,54.0,1.5
4,1977,Partick Thistle,36.0,9,5,4.0,27.0,24.0,2.0,8.0,8.0,13.0,20.0,35.0,10,5,40.0,1.1111111111111112
5,1977,Hibernian,36.0,4,10,4.0,14.0,12.0,4.0,8.0,6.0,20.0,23.0,34.0,10,6,34.0,0.9444444444444444
6,1977,Motherwell,36.0,8,7,3.0,38.0,25.0,2.0,5.0,11.0,19.0,35.0,32.0,10,7,57.0,1.5833333333333333
7,1977,Ayr United,36.0,4,5,9.0,23.0,36.0,7.0,3.0,8.0,21.0,32.0,30.0,10,8,44.0,1.2222222222222223
8,1977,Hearts,36.0,5,6,7.0,26.0,28.0,2.0,7.0,9.0,23.0,38.0,27.0,10,9,49.0,1.3611111111111112
9,1977,Kilmarnock,36.0,4,5,9.0,21.0,30.0,0.0,4.0,14.0,11.0,41.0,17.0,10,10,32.0,0.8888888888888888
0,1978,Rangers,36.0,12,4,2.0,35.0,18.0,12.0,3.0,3.0,41.0,21.0,55.0,10,1,76.0,2.111111111111111
1,1978,Aberdeen,36.0,14,3,1.0,43.0,13.0,8.0,6.0,4.0,25.0,16.0,53.0,10,2,68.0,1.8888888888888888
2,1978,Dundee United,36.0,9,4,5.0,28.0,17.0,7.0,4.0,7.0,14.0,15.0,40.0,10,3,42.0,1.1666666666666667
3,1978,Hibernian,36.0,10,5,3.0,35.0,16.0,5.0,2.0,11.0,16.0,27.0,37.0,10,4,51.0,1.4166666666666667
4,1978,Celtic,36.0,11,3,4.0,36.0,19.0,4.0,3.0,11.0,27.0,35.0,36.0,10,5,63.0,1.75
5,1978,Motherwell,36.0,8,3,7.0,28.0,24.0,5.0,4.0,9.0,17.0,28.0,33.0,10,6,45.0,1.25
6,1978,Partick Thistle,36.0,10,2,6.0,25.0,23.0,4.0,3.0,11.0,27.0,41.0,33.0,10,7,52.0,1.4444444444444444
7,1978,St. Mirren,36.0,7,5,6.0,29.0,25.0,4.0,3.0,11.0,23.0,38.0,30.0,10,8,52.0,1.4444444444444444
8,1978,Ayr United,36.0,5,3,10.0,17.0,28.0,4.0,3.0,11.0,19.0,40.0,24.0,10,9,36.0,1.0
9,1978,Clydebank,36.0,5,3,10.0,16.0,33.0,1.0,4.0,13.0,7.0,31.0,19.0,10,10,23.0,0.6388888888888888
0,1979,Celtic,36.0,12,4,2.0,32.0,13.0,9.0,2.0,7.0,29.0,24.0,48.0,10,1,61.0,1.6944444444444444
1,1979,Rangers,36.0,12,5,1.0,32.0,10.0,6.0,4.0,8.0,20.0,25.0,45.0,10,2,52.0,1.4444444444444444
2,1979,Dundee United,36.0,12,4,2.0,33.0,16.0,6.0,4.0,8.0,23.0,21.0,44.0,10,3,56.0,1.5555555555555556
3,1979,Aberdeen,36.0,9,4,5.0,38.0,16.0,4.0,10.0,4.0,21.0,20.0,40.0,10,4,59.0,1.6388888888888888
4,1979,Hibernian,36.0,7,9,2.0,23.0,16.0,5.0,4.0,9.0,21.0,32.0,37.0,10,5,44.0,1.2222222222222223
5,1979,St. Mirren,36.0,8,3,7.0,23.0,20.0,7.0,3.0,8.0,22.0,21.0,36.0,10,6,45.0,1.25
6,1979,Morton,36.0,9,4,5.0,34.0,23.0,3.0,8.0,7.0,18.0,30.0,36.0,10,7,52.0,1.4444444444444444
7,1979,Partick Thistle,36.0,10,2,6.0,31.0,21.0,3.0,6.0,9.0,11.0,18.0,34.0,10,8,42.0,1.1666666666666667
8,1979,Hearts,36.0,5,5,8.0,19.0,25.0,3.0,2.0,13.0,20.0,46.0,23.0,10,9,39.0,1.0833333333333333
9,1979,Motherwell,36.0,2,5,11.0,20.0,38.0,3.0,2.0,13.0,13.0,48.0,17.0,10,10,33.0,0.9166666666666666
0,1980,Aberdeen,36.0,10,4,4.0,30.0,18.0,9.0,6.0,3.0,38.0,18.0,48.0,10,1,68.0,1.8888888888888888
1,1980,Celtic,36.0,13,3,2.0,44.0,17.0,5.0,8.0,5.0,17.0,21.0,47.0,10,2,61.0,1.6944444444444444
2,1980,St. Mirren,36.0,11,5,2.0,37.0,23.0,4.0,7.0,7.0,19.0,26.0,42.0,10,3,56.0,1.5555555555555556
3,1980,Dundee United,36.0,9,7,2.0,23.0,6.0,3.0,6.0,9.0,20.0,24.0,37.0,10,4,43.0,1.1944444444444444
4,1980,Rangers,36.0,11,5,2.0,29.0,16.0,4.0,2.0,12.0,21.0,30.0,37.0,10,5,50.0,1.3888888888888888
5,1980,Morton,36.0,9,4,5.0,24.0,16.0,5.0,4.0,9.0,27.0,30.0,36.0,10,6,51.0,1.4166666666666667
6,1980,Partick Thistle,36.0,6,8,4.0,24.0,22.0,5.0,6.0,7.0,19.0,25.0,36.0,10,7,43.0,1.1944444444444444
7,1980,Kilmarnock,36.0,7,6,5.0,19.0,19.0,4.0,5.0,9.0,17.0,33.0,33.0,10,8,36.0,1.0
8,1980,Dundee,36.0,9,3,6.0,33.0,30.0,1.0,3.0,14.0,14.0,43.0,26.0,10,9,47.0,1.3055555555555556
9,1980,Hibernian,36.0,6,4,8.0,23.0,31.0,0.0,2.0,16.0,6.0,36.0,18.0,10,10,29.0,0.8055555555555556
0,1981,Celtic,36.0,12,3,3.0,47.0,18.0,14.0,1.0,3.0,37.0,19.0,56.0,10,1,84.0,2.3333333333333335
1,1981,Aberdeen,36.0,11,4,3.0,39.0,16.0,8.0,7.0,3.0,22.0,10.0,49.0,10,2,61.0,1.6944444444444444
2,1981,Rangers,36.0,12,3,3.0,33.0,10.0,4.0,9.0,5.0,27.0,22.0,44.0,10,3,60.0,1.6666666666666667
3,1981,St. Mirren,36.0,9,6,3.0,28.0,20.0,9.0,2.0,7.0,28.0,27.0,44.0,10,4,56.0,1.5555555555555556
4,1981,Dundee United,36.0,8,5,5.0,34.0,24.0,9.0,4.0,5.0,32.0,18.0,43.0,10,5,66.0,1.8333333333333333
5,1981,Partick Thistle,36.0,6,6,6.0,17.0,17.0,4.0,4.0,10.0,15.0,31.0,30.0,10,6,32.0,0.8888888888888888
6,1981,Airdrieonians,36.0,6,5,7.0,19.0,25.0,4.0,4.0,10.0,17.0,30.0,29.0,10,7,36.0,1.0
7,1981,Morton,36.0,7,2,9.0,24.0,28.0,3.0,6.0,9.0,12.0,30.0,28.0,10,8,36.0,1.0
8,1981,Kilmarnock,36.0,3,5,10.0,14.0,31.0,2.0,4.0,12.0,9.0,34.0,19.0,10,9,23.0,0.6388888888888888
9,1981,Hearts,36.0,3,4,11.0,10.0,27.0,3.0,2.0,13.0,17.0,44.0,18.0,10,10,27.0,0.75
0,1982,Celtic,36.0,12,5,1.0,41.0,16.0,12.0,2.0,4.0,38.0,17.0,55.0,10,1,79.0,2.1944444444444446
1,1982,Aberdeen,36.0,12,4,2.0,36.0,15.0,11.0,3.0,4.0,35.0,14.0,53.0,10,2,71.0,1.9722222222222223
2,1982,Rangers,36.0,10,5,3.0,34.0,16.0,6.0,6.0,6.0,23.0,29.0,43.0,10,3,57.0,1.5833333333333333
3,1982,Dundee United,36.0,10,4,4.0,40.0,14.0,5.0,6.0,7.0,21.0,24.0,40.0,10,4,61.0,1.6944444444444444
4,1982,St. Mirren,36.0,8,4,6.0,30.0,23.0,6.0,5.0,7.0,19.0,29.0,37.0,10,5,49.0,1.3611111111111112
5,1982,Hibernian,36.0,8,7,3.0,23.0,14.0,3.0,7.0,8.0,15.0,26.0,36.0,10,6,38.0,1.0555555555555556
6,1982,Morton,36.0,9,6,3.0,20.0,12.0,0.0,6.0,12.0,11.0,42.0,30.0,10,7,31.0,0.8611111111111112
7,1982,Dundee,36.0,7,2,9.0,28.0,34.0,4.0,2.0,12.0,18.0,38.0,26.0,10,8,46.0,1.2777777777777777
8,1982,Partick Thistle,36.0,4,5,9.0,19.0,23.0,2.0,5.0,11.0,16.0,36.0,22.0,10,9,35.0,0.9722222222222222
9,1982,Airdrieonians,36.0,5,4,9.0,24.0,36.0,0.0,4.0,14.0,7.0,40.0,18.0,10,10,31.0,0.8611111111111112
0,1983,Dundee United,36.0,13,4,1.0,57.0,18.0,11.0,4.0,3.0,33.0,17.0,56.0,10,1,90.0,2.5
1,1983,Aberdeen,36.0,14,0,4.0,46.0,12.0,11.0,5.0,2.0,30.0,12.0,55.0,10,2,76.0,2.111111111111111
2,1983,Celtic,36.0,12,3,3.0,44.0,18.0,13.0,2.0,3.0,46.0,18.0,55.0,10,3,90.0,2.5
3,1983,Rangers,36.0,9,6,3.0,32.0,16.0,4.0,6.0,8.0,20.0,25.0,38.0,10,4,52.0,1.4444444444444444
4,1983,St. Mirren,36.0,8,5,5.0,30.0,18.0,3.0,7.0,8.0,17.0,33.0,34.0,10,5,47.0,1.3055555555555556
5,1983,Dundee,36.0,8,3,7.0,29.0,28.0,1.0,8.0,9.0,13.0,25.0,29.0,10,6,42.0,1.1666666666666667
6,1983,Hibernian,36.0,3,11,4.0,21.0,17.0,4.0,4.0,10.0,14.0,34.0,29.0,10,7,35.0,0.9722222222222222
7,1983,Motherwell,36.0,9,3,6.0,28.0,27.0,2.0,2.0,14.0,11.0,46.0,27.0,10,8,39.0,1.0833333333333333
8,1983,Morton,36.0,4,4,10.0,14.0,26.0,2.0,4.0,12.0,16.0,48.0,20.0,10,9,30.0,0.8333333333333334
9,1983,Kilmarnock,36.0,3,7,8.0,17.0,31.0,0.0,4.0,14.0,11.0,60.0,17.0,10,10,28.0,0.7777777777777778
0,1984,Aberdeen,36.0,14,3,1.0,46.0,12.0,11.0,4.0,3.0,32.0,9.0,57.0,10,1,78.0,2.1666666666666665
1,1984,Celtic,36.0,13,5,0.0,46.0,15.0,8.0,3.0,7.0,34.0,26.0,50.0,10,2,80.0,2.2222222222222223
2,1984,Dundee United,36.0,11,3,4.0,38.0,14.0,7.0,8.0,3.0,29.0,25.0,47.0,10,3,67.0,1.8611111111111112
3,1984,Rangers,36.0,7,8,3.0,26.0,18.0,8.0,4.0,6.0,27.0,23.0,42.0,10,4,53.0,1.4722222222222223
4,1984,Hearts,36.0,5,9,4.0,23.0,23.0,5.0,7.0,6.0,15.0,24.0,36.0,10,5,38.0,1.0555555555555556
5,1984,St. Mirren,36.0,8,6,4.0,34.0,23.0,1.0,8.0,9.0,21.0,36.0,32.0,10,6,55.0,1.5277777777777777
6,1984,Hibernian,36.0,7,4,7.0,21.0,21.0,5.0,3.0,10.0,24.0,34.0,31.0,10,7,45.0,1.25
7,1984,Dundee,36.0,6,1,11.0,28.0,42.0,5.0,4.0,9.0,22.0,32.0,27.0,10,8,50.0,1.3888888888888888
8,1984,St. Johnstone,36.0,6,1,11.0,19.0,33.0,4.0,2.0,12.0,17.0,48.0,23.0,10,9,36.0,1.0
9,1984,Motherwell,36.0,2,5,11.0,15.0,36.0,2.0,2.0,14.0,16.0,39.0,15.0,10,10,31.0,0.8611111111111112
0,1985,Aberdeen,36.0,13,4,1.0,49.0,13.0,14.0,1.0,3.0,40.0,13.0,59.0,10,1,89.0,2.4722222222222223
1,1985,Celtic,36.0,12,3,3.0,43.0,12.0,10.0,5.0,3.0,34.0,18.0,52.0,10,2,77.0,2.138888888888889
2,1985,Dundee United,36.0,13,2,3.0,47.0,18.0,7.0,5.0,6.0,20.0,15.0,47.0,10,3,67.0,1.8611111111111112
3,1985,Rangers,36.0,7,6,5.0,21.0,14.0,6.0,6.0,6.0,26.0,24.0,38.0,10,4,47.0,1.3055555555555556
4,1985,St. Mirren,36.0,10,2,6.0,29.0,24.0,7.0,2.0,9.0,22.0,32.0,38.0,10,5,51.0,1.4166666666666667
5,1985,Dundee,36.0,9,3,6.0,25.0,19.0,6.0,4.0,8.0,23.0,31.0,37.0,10,6,48.0,1.3333333333333333
6,1985,Hearts,36.0,6,3,9.0,21.0,26.0,7.0,2.0,9.0,26.0,38.0,31.0,10,7,47.0,1.3055555555555556
7,1985,Hibernian,36.0,5,4,9.0,23.0,30.0,5.0,3.0,10.0,15.0,31.0,27.0,10,8,38.0,1.0555555555555556
8,1985,Dumbarton,36.0,4,4,10.0,17.0,29.0,2.0,3.0,13.0,12.0,35.0,19.0,10,9,29.0,0.8055555555555556
9,1985,Morton,36.0,3,1,14.0,18.0,44.0,2.0,1.0,15.0,11.0,56.0,12.0,10,10,29.0,0.8055555555555556
0,1986,Celtic,36.0,10,6,2.0,27.0,15.0,10.0,4.0,4.0,40.0,23.0,50.0,10,1,67.0,1.8611111111111112
1,1986,Hearts,36.0,13,5,0.0,38.0,10.0,7.0,5.0,6.0,21.0,23.0,50.0,10,2,59.0,1.6388888888888888
2,1986,Dundee United,36.0,10,6,2.0,38.0,15.0,8.0,5.0,5.0,21.0,16.0,47.0,10,3,59.0,1.6388888888888888
3,1986,Aberdeen,36.0,11,4,3.0,38.0,15.0,5.0,8.0,5.0,24.0,16.0,44.0,10,4,62.0,1.7222222222222223
4,1986,Rangers,36.0,10,4,4.0,34.0,18.0,3.0,5.0,10.0,19.0,27.0,35.0,10,5,53.0,1.4722222222222223
5,1986,Dundee,36.0,11,2,5.0,32.0,20.0,3.0,5.0,10.0,13.0,31.0,35.0,10,6,45.0,1.25
6,1986,St. Mirren,36.0,9,2,7.0,26.0,24.0,4.0,3.0,11.0,16.0,39.0,31.0,10,7,42.0,1.1666666666666667
7,1986,Hibernian,36.0,6,4,8.0,27.0,25.0,5.0,2.0,11.0,22.0,38.0,28.0,10,8,49.0,1.3611111111111112
8,1986,Motherwell,36.0,7,3,8.0,23.0,23.0,0.0,3.0,15.0,10.0,43.0,20.0,10,9,33.0,0.9166666666666666
9,1986,Clydebank,36.0,4,6,8.0,18.0,32.0,2.0,2.0,14.0,11.0,45.0,20.0,10,10,29.0,0.8055555555555556
0,1987,Rangers,44.0,18,2,2.0,45.0,6.0,13.0,5.0,4.0,40.0,17.0,69.0,12,1,85.0,1.9318181818181819
1,1987,Celtic,44.0,16,5,1.0,57.0,17.0,11.0,4.0,7.0,33.0,24.0,63.0,12,2,90.0,2.0454545454545454
2,1987,Dundee United,44.0,15,5,2.0,38.0,15.0,9.0,7.0,6.0,28.0,21.0,60.0,12,3,66.0,1.5
3,1987,Aberdeen,44.0,13,6,3.0,32.0,11.0,8.0,10.0,4.0,31.0,18.0,58.0,12,4,63.0,1.4318181818181819
4,1987,Hearts,44.0,13,7,2.0,42.0,19.0,8.0,7.0,7.0,22.0,24.0,56.0,12,5,64.0,1.4545454545454546
5,1987,Dundee,44.0,11,6,5.0,49.0,31.0,7.0,6.0,9.0,25.0,26.0,48.0,12,6,74.0,1.6818181818181819
6,1987,St. Mirren,44.0,9,5,8.0,23.0,20.0,3.0,7.0,12.0,13.0,31.0,36.0,12,7,36.0,0.8181818181818182
7,1987,Motherwell,44.0,7,5,10.0,24.0,28.0,4.0,7.0,11.0,19.0,36.0,34.0,12,8,43.0,0.9772727272727273
8,1987,Hibernian,44.0,6,8,8.0,24.0,30.0,4.0,5.0,13.0,20.0,40.0,33.0,12,9,44.0,1.0
9,1987,Falkirk,44.0,4,9,9.0,17.0,28.0,4.0,1.0,17.0,14.0,42.0,26.0,12,10,31.0,0.7045454545454546
10,1987,Clydebank,44.0,3,7,12.0,19.0,40.0,3.0,5.0,14.0,16.0,53.0,24.0,12,11,35.0,0.7954545454545454
11,1987,Hamilton Academical,44.0,2,4,16.0,15.0,40.0,4.0,5.0,13.0,24.0,53.0,21.0,12,12,39.0,0.8863636363636364
0,1988,Celtic,44.0,16,5,1.0,42.0,11.0,15.0,5.0,2.0,37.0,12.0,72.0,12,1,79.0,1.7954545454545454
1,1988,Hearts,44.0,13,8,1.0,37.0,17.0,10.0,8.0,4.0,37.0,15.0,62.0,12,2,74.0,1.6818181818181819
2,1988,Rangers,44.0,14,4,4.0,49.0,17.0,12.0,4.0,6.0,36.0,17.0,60.0,12,3,85.0,1.9318181818181819
3,1988,Aberdeen,44.0,11,7,4.0,27.0,11.0,10.0,10.0,2.0,29.0,14.0,59.0,12,4,56.0,1.2727272727272727
4,1988,Dundee United,44.0,8,7,7.0,29.0,24.0,8.0,8.0,6.0,25.0,23.0,47.0,12,5,54.0,1.2272727272727273
5,1988,Hibernian,44.0,8,8,6.0,18.0,17.0,4.0,11.0,7.0,23.0,25.0,43.0,12,6,41.0,0.9318181818181818
6,1988,Dundee,44.0,9,5,8.0,31.0,25.0,8.0,2.0,12.0,39.0,39.0,41.0,12,7,70.0,1.5909090909090908
7,1988,Motherwell,44.0,10,2,10.0,25.0,31.0,3.0,8.0,11.0,12.0,25.0,36.0,12,8,37.0,0.8409090909090909
8,1988,St. Mirren,44.0,5,11,6.0,22.0,28.0,5.0,4.0,13.0,19.0,36.0,35.0,12,9,41.0,0.9318181818181818
9,1988,Falkirk,44.0,8,4,10.0,26.0,35.0,2.0,7.0,13.0,15.0,40.0,31.0,12,10,41.0,0.9318181818181818
10,1988,Dunfermline Athletic,44.0,6,6,10.0,23.0,35.0,2.0,4.0,16.0,18.0,49.0,26.0,12,11,41.0,0.9318181818181818
11,1988,Morton,44.0,3,7,12.0,19.0,47.0,0.0,3.0,19.0,8.0,53.0,16.0,12,12,27.0,0.6136363636363636
0,1989,Rangers,36.0,15,1,2.0,39.0,11.0,11.0,3.0,4.0,23.0,15.0,56.0,10,1,62.0,1.7222222222222223
1,1989,Aberdeen,36.0,10,7,1.0,26.0,10.0,8.0,7.0,3.0,25.0,15.0,50.0,10,2,51.0,1.4166666666666667
2,1989,Celtic,36.0,13,1,4.0,35.0,18.0,8.0,3.0,7.0,31.0,26.0,46.0,10,3,66.0,1.8333333333333333
3,1989,Dundee United,36.0,6,8,4.0,20.0,16.0,10.0,4.0,4.0,24.0,10.0,44.0,10,4,44.0,1.2222222222222223
4,1989,Hibernian,36.0,8,4,6.0,20.0,16.0,5.0,5.0,8.0,17.0,20.0,35.0,10,5,37.0,1.0277777777777777
5,1989,Heart Of Midlothian,36.0,7,6,5.0,22.0,17.0,2.0,7.0,9.0,13.0,25.0,31.0,10,6,35.0,0.9722222222222222
6,1989,St. Mirren,36.0,5,6,7.0,17.0,19.0,6.0,1.0,11.0,22.0,36.0,29.0,10,7,39.0,1.0833333333333333
7,1989,Dundee,36.0,8,4,6.0,22.0,21.0,1.0,6.0,11.0,12.0,27.0,28.0,10,8,34.0,0.9444444444444444
8,1989,Motherwell,36.0,5,7,6.0,21.0,21.0,2.0,6.0,10.0,14.0,23.0,27.0,10,9,35.0,0.9722222222222222
9,1989,Hamilton Academical,36.0,5,0,13.0,9.0,42.0,1.0,2.0,15.0,10.0,34.0,14.0,10,10,19.0,0.5277777777777778
0,1990,Rangers,36.0,14,2,2.0,32.0,7.0,6.0,9.0,3.0,16.0,12.0,51.0,10,1,48.0,1.3333333333333333
1,1990,Aberdeen,36.0,12,4,2.0,33.0,13.0,5.0,6.0,7.0,23.0,20.0,44.0,10,2,56.0,1.5555555555555556
2,1990,Heart Of Midlothian,36.0,8,6,4.0,28.0,17.0,8.0,6.0,4.0,26.0,18.0,44.0,10,3,54.0,1.5
3,1990,Dundee United,36.0,8,8,2.0,21.0,12.0,3.0,5.0,10.0,15.0,27.0,35.0,10,4,36.0,1.0
4,1990,Celtic,36.0,6,6,6.0,21.0,20.0,4.0,8.0,6.0,16.0,17.0,34.0,10,5,37.0,1.0277777777777777
5,1990,Motherwell,36.0,7,6,5.0,23.0,21.0,4.0,6.0,8.0,20.0,26.0,34.0,10,6,43.0,1.1944444444444444
6,1990,Hibernian,36.0,8,5,5.0,25.0,23.0,4.0,5.0,9.0,9.0,18.0,34.0,10,7,34.0,0.9444444444444444
7,1990,Dunfermline Athletic,36.0,5,6,7.0,17.0,23.0,6.0,2.0,10.0,20.0,27.0,30.0,10,8,37.0,1.0277777777777777
8,1990,St. Mirren,36.0,6,6,6.0,14.0,15.0,4.0,4.0,10.0,14.0,33.0,30.0,10,9,28.0,0.7777777777777778
9,1990,Dundee,36.0,4,8,6.0,23.0,26.0,1.0,6.0,11.0,18.0,39.0,24.0,10,10,41.0,1.1388888888888888
0,1991,Rangers,36.0,14,3,1.0,40.0,8.0,10.0,4.0,4.0,22.0,15.0,55.0,10,1,62.0,1.7222222222222223
1,1991,Aberdeen,36.0,12,5,1.0,30.0,7.0,10.0,4.0,4.0,32.0,20.0,53.0,10,2,62.0,1.7222222222222223
2,1991,Celtic,36.0,10,4,4.0,30.0,14.0,7.0,3.0,8.0,22.0,24.0,41.0,10,3,52.0,1.4444444444444444
3,1991,Dundee United,36.0,11,3,4.0,28.0,16.0,6.0,4.0,8.0,13.0,13.0,41.0,10,4,41.0,1.1388888888888888
4,1991,Heart Of Midlothian,36.0,10,3,5.0,28.0,22.0,4.0,4.0,10.0,20.0,33.0,35.0,10,5,48.0,1.3333333333333333
5,1991,Motherwell,36.0,9,5,4.0,28.0,18.0,3.0,4.0,11.0,23.0,32.0,33.0,10,6,51.0,1.4166666666666667
6,1991,St. Johnstone,36.0,6,4,8.0,23.0,25.0,5.0,5.0,8.0,18.0,29.0,31.0,10,7,41.0,1.1388888888888888
7,1991,Dunfermline Athletic,36.0,5,7,6.0,23.0,26.0,3.0,4.0,11.0,15.0,35.0,27.0,10,8,38.0,1.0555555555555556
8,1991,Hibernian,36.0,6,5,7.0,17.0,25.0,0.0,8.0,10.0,7.0,26.0,25.0,10,9,24.0,0.6666666666666666
9,1991,St. Mirren,36.0,4,5,9.0,14.0,25.0,1.0,4.0,13.0,14.0,34.0,19.0,10,10,28.0,0.7777777777777778
0,1992,Rangers,44.0,14,5,3.0,50.0,14.0,19.0,1.0,2.0,51.0,17.0,72.0,12,1,101.0,2.2954545454545454
1,1992,Heart Of Midlothian,44.0,12,7,3.0,26.0,15.0,15.0,2.0,5.0,34.0,22.0,63.0,12,2,60.0,1.3636363636363635
2,1992,Celtic,44.0,15,3,4.0,47.0,20.0,11.0,7.0,4.0,41.0,22.0,62.0,12,3,88.0,2.0
3,1992,Dundee United,44.0,10,7,5.0,37.0,25.0,9.0,6.0,7.0,29.0,25.0,51.0,12,4,66.0,1.5
4,1992,Hibernian,44.0,7,8,7.0,28.0,25.0,9.0,9.0,4.0,25.0,20.0,49.0,12,5,53.0,1.2045454545454546
5,1992,Aberdeen,44.0,9,6,7.0,32.0,23.0,8.0,8.0,6.0,23.0,19.0,48.0,12,6,55.0,1.25
6,1992,Airdrieonians,44.0,7,5,10.0,25.0,33.0,6.0,5.0,11.0,25.0,37.0,36.0,12,7,50.0,1.1363636363636365
7,1992,St. Johnstone,44.0,5,7,10.0,21.0,32.0,8.0,3.0,11.0,31.0,41.0,36.0,12,8,52.0,1.1818181818181819
8,1992,Falkirk,44.0,7,2,13.0,29.0,41.0,5.0,9.0,8.0,25.0,32.0,35.0,12,9,54.0,1.2272727272727273
9,1992,Motherwell,44.0,5,6,11.0,25.0,29.0,5.0,8.0,9.0,18.0,32.0,34.0,12,10,43.0,0.9772727272727273
10,1992,St. Mirren,44.0,2,5,15.0,18.0,36.0,4.0,7.0,11.0,15.0,37.0,24.0,12,11,33.0,0.75
11,1992,Dunfermline Athletic,44.0,2,7,13.0,11.0,35.0,2.0,3.0,17.0,11.0,45.0,18.0,12,12,22.0,0.5
0,1993,Rangers,44.0,20,2,0.0,52.0,11.0,13.0,5.0,4.0,45.0,24.0,73.0,12,1,97.0,2.2045454545454546
1,1993,Aberdeen,44.0,13,7,2.0,41.0,13.0,14.0,3.0,5.0,46.0,23.0,64.0,12,2,87.0,1.9772727272727273
2,1993,Celtic,44.0,13,5,4.0,37.0,18.0,11.0,7.0,4.0,31.0,23.0,60.0,12,3,68.0,1.5454545454545454
3,1993,Dundee United,44.0,8,7,7.0,25.0,27.0,11.0,2.0,9.0,31.0,22.0,47.0,12,4,56.0,1.2727272727272727
4,1993,Heart Of Midlothian,44.0,12,6,4.0,26.0,15.0,3.0,8.0,11.0,20.0,36.0,44.0,12,5,46.0,1.0454545454545454
5,1993,St. Johnstone,44.0,8,10,4.0,29.0,27.0,2.0,10.0,10.0,23.0,39.0,40.0,12,6,52.0,1.1818181818181819
6,1993,Hibernian,44.0,8,8,6.0,32.0,28.0,4.0,5.0,13.0,22.0,36.0,37.0,12,7,54.0,1.2272727272727273
7,1993,Partick Thistle,44.0,5,6,11.0,26.0,41.0,7.0,6.0,9.0,24.0,30.0,36.0,12,8,50.0,1.1363636363636365
8,1993,Motherwell,44.0,7,4,11.0,27.0,37.0,4.0,9.0,9.0,19.0,25.0,35.0,12,9,46.0,1.0454545454545454
9,1993,Dundee,44.0,7,4,11.0,25.0,34.0,4.0,8.0,10.0,23.0,34.0,34.0,12,10,48.0,1.0909090909090908
10,1993,Falkirk,44.0,7,5,10.0,40.0,39.0,4.0,2.0,16.0,20.0,47.0,29.0,12,11,60.0,1.3636363636363635
11,1993,Airdrieonians,44.0,4,9,9.0,22.0,27.0,2.0,8.0,12.0,13.0,43.0,29.0,12,12,35.0,0.7954545454545454
0,1994,Rangers,44.0,12,6,4.0,43.0,22.0,10.0,8.0,4.0,31.0,19.0,58.0,12,1,74.0,1.6818181818181819
1,1994,Aberdeen,44.0,11,9,2.0,33.0,12.0,6.0,12.0,4.0,25.0,24.0,55.0,12,2,58.0,1.3181818181818181
2,1994,Motherwell,44.0,11,7,4.0,31.0,20.0,9.0,7.0,6.0,27.0,23.0,54.0,12,3,58.0,1.3181818181818181
3,1994,Celtic,44.0,8,11,3.0,25.0,17.0,7.0,9.0,6.0,26.0,21.0,50.0,12,4,51.0,1.1590909090909092
4,1994,Hibernian,44.0,11,7,4.0,29.0,15.0,5.0,8.0,9.0,24.0,33.0,47.0,12,5,53.0,1.2045454545454546
5,1994,Dundee United,44.0,5,11,6.0,26.0,25.0,6.0,9.0,7.0,21.0,23.0,42.0,12,6,47.0,1.0681818181818181
6,1994,Heart Of Midlothian,44.0,6,9,7.0,22.0,24.0,5.0,11.0,6.0,15.0,19.0,42.0,12,7,37.0,0.8409090909090909
7,1994,Kilmarnock,44.0,6,10,6.0,18.0,19.0,6.0,6.0,10.0,18.0,26.0,40.0,12,8,36.0,0.8181818181818182
8,1994,Partick Thistle,44.0,9,8,5.0,23.0,17.0,3.0,8.0,11.0,23.0,40.0,40.0,12,9,46.0,1.0454545454545454
9,1994,St. Johnstone,44.0,7,7,8.0,24.0,26.0,3.0,13.0,6.0,11.0,21.0,40.0,12,10,35.0,0.7954545454545454
10,1994,Raith Rovers,44.0,3,12,7.0,25.0,35.0,3.0,7.0,12.0,21.0,45.0,31.0,12,11,46.0,1.0454545454545454
11,1994,Dundee,44.0,6,7,9.0,26.0,26.0,2.0,6.0,14.0,16.0,31.0,29.0,12,12,42.0,0.9545454545454546
